title,brand,price,rating,votes,sales_last_month,image_url,url,prime,category,rank,scraped_at
"Garmin – Forerunner 55 - Montre GPS multi-activités running avec fonctions d’entrainement Garmin Coach et cardio au poignet – Noire, TU EU",Garmin,138.99,4.6,6532.0,1.0,https://m.media-amazon.com/images/I/61eTqEILa9L._AC_UL320_.jpg,,False,Objets connectés,1,2025-06-24 11:51:47.704474
Garmin Forerunner 255 - Montre GPS Multisports connectée de Running – Gray - Boîtier 46 mm,Garmin,203.99,4.5,1690.0,700.0,https://m.media-amazon.com/images/I/71tjy7Umf0L._AC_UL320_.jpg,,False,Objets connectés,2,2025-06-24 11:51:47.705429
"Garmin Forerunner 255, Music - Montre GPS Multisports connectée de Running – Noire – Boitier 46 mm",Garmin,244.0,4.5,616.0,700.0,https://m.media-amazon.com/images/I/51BxNNStkyL._AC_UL320_.jpg,,False,Objets connectés,3,2025-06-24 11:51:47.706346
"Insta360 X5 - caméra d'action 360° 8K étanche, Basse lumière de Pointe, Perche à Selfie Invisible, objectifs Robustes et remplaçables, 3h d'autonomie, Pare-Vent intégré, stabilisation, Triple Puce IA",Insta360,589.99,4.5,557.0,300.0,https://m.media-amazon.com/images/I/71YjsbkkO9L._AC_UL320_.jpg,,False,Objets connectés,4,2025-06-24 11:51:47.707261
"Garmin Forerunner 255 – GPS-Laufuhr mit individuellen Trainingsplänen, speziellen Lauffunktionen und detaillierter Trainingsanalyse. 1,1“ & 1,3"" Farbdisplay, Akkulaufzeit bis zu 14 Tage",Garmin,203.99,4.6,662.0,400.0,https://m.media-amazon.com/images/I/51oM3U58x2L._AC_UL320_.jpg,,False,Objets connectés,5,2025-06-24 11:51:47.708168
"Garmin – Forerunner 55 - Montre GPS multi-activités running avec fonctions d’entrainement Garmin Coach et cardio au poignet – Blanche, Whitestone",Garmin,138.99,4.6,1389.0,300.0,https://m.media-amazon.com/images/I/51O-7CDSSML._AC_UL320_.jpg,,False,Objets connectés,6,2025-06-24 11:51:47.710614
"Samsung R630 Galaxy Buds3 Pro, Silver",Samsung,173.49,4.1,571.0,300.0,https://m.media-amazon.com/images/I/71hvvK6bATL._AC_UL320_.jpg,,False,Objets connectés,7,2025-06-24 11:51:47.712606
"Garmin Forerunner 255, Music - Montre GPS Multisports connectée de Running – Blanche – Boîtier 46 mm",Garmin,243.99,4.5,165.0,200.0,https://m.media-amazon.com/images/I/51LVczCIWJL._AC_UL320_.jpg,,False,Objets connectés,8,2025-06-24 11:51:47.713910
"Samsung Galaxy Buds FE Écouteurs sans Fil, Réduction Active du Bruit, Ajustement Confortable, 3 Micros, Commande Tactile, Basses Profondes, Graphite, Version FR",Samsung,65.64,4.3,483.0,200.0,https://m.media-amazon.com/images/I/51MaNu1aGhL._AC_UL320_.jpg,,False,Objets connectés,9,2025-06-24 11:51:47.715278
"GoPro HERO13 Black - Caméra d'action étanche avec vidéo 5.3K60, Photo 27MP + compatibilité avec Les objectifs de la série HB",GoPro,423.59,4.5,1088.0,100.0,https://m.media-amazon.com/images/I/615eTO83jLL._AC_UL320_.jpg,,False,Objets connectés,10,2025-06-24 11:51:47.716332
"OMRON RS1 Tensiomètre automatique au poignet pour un usage domestique ou en déplacement – Validé cliniquement, tensiomètre avec brassard préformé 13,5 – 21,5 cm, guide d'enveloppement du brassard",OMRON,24.99,4.5,2951.0,700.0,https://m.media-amazon.com/images/I/7171ItqeJfL._AC_UL320_.jpg,,False,Objets connectés,11,2025-06-24 11:51:47.717420
"GoPro HERO12 Black - Caméra d'action étanche avec vidéo Ultra HD 5.3K60, Photos 27MP, HDR, capteur d'image 1/1.9"", Diffusion en Direct, Webcam, stabilisation",GoPro,355.23,4.6,4776.0,100.0,https://m.media-amazon.com/images/I/41Yf9ZT2pNL._AC_UL320_.jpg,,False,Objets connectés,12,2025-06-24 11:51:47.718601
Weenect Chat XS - Nouveau Collier GPS pour Chat | Mini Traceur GPS Chat en Temps réel | Plus Petit modèle du marché | Fonctionne avec abonnement | Collier Inclus | Garantie à Vie,Weenect,49.99,4.3,1102.0,400.0,https://m.media-amazon.com/images/I/718N2YNSOVL._AC_UL320_.jpg,,False,Objets connectés,13,2025-06-24 11:51:47.720225
"DJI Bundle Osmo Action 4 Essentiel - Caméra d’Action étanche 4K/120 IPS avec capteur 1/1,3 Pouce, des Images saisissantes en Basse lumière, des Couleurs D-Log M 10 Bits, Batterie 1 770 mAh prolongée",DJI,255.53,4.4,4096.0,200.0,https://m.media-amazon.com/images/I/61uLqcKyOcL._AC_UL320_.jpg,,False,Objets connectés,14,2025-06-24 11:51:47.721331
"Ecouteurs Bluetooth sans Fil, kauguo Oreillette Bluetooth 5.4 avec 4 ENC Réduction Antibruit Casque HiFi Stéréo Basses 42H Durée Écran LED Écouteurs sans Fil IPX6 Étanche Sport pour iOS Android, Blanc",Ecouteurs,19.99,4.7,138.0,500.0,https://m.media-amazon.com/images/I/61AYm-VTJpL._AC_UL320_.jpg,,False,Objets connectés,15,2025-06-24 11:51:47.722560
"Anker soundcore 2 Enceinte Bluetooth, Enceinte Bluetooth Puissante sans Fil avec Basses Puissantes, Autonomie de 24 Heures, Porté de 20 m, Etanche Waterproof IPX7 et Microphone Intégré",Anker,27.99,4.5,123052.0,400.0,https://m.media-amazon.com/images/I/614l20nEhmL._AC_UL320_.jpg,,False,Objets connectés,16,2025-06-24 11:51:47.723414
"Garmin – Forerunner 55 - Montre GPS multi-activités running avec fonctions d’entrainement Garmin Coach et cardio au poignet – Vert d’eau, TU EU",Garmin,138.99,4.6,921.0,100.0,https://m.media-amazon.com/images/I/51NvyLl+xLL._AC_UL320_.jpg,,False,Objets connectés,17,2025-06-24 11:51:47.724966
"DJI Bundle Aventure Osmo Action 5 Pro, Caméra d’Action 4K avec Capteur 1/1,3"", 12 h d’Autonomie Étendue avec 3 Batt., Stabilisation, Double Écran Tactile OLED, Mini Caméra d’Action pour Voyage, Vlog",DJI,478.98,4.5,1528.0,50.0,https://m.media-amazon.com/images/I/71FdBD3y0rL._AC_UL320_.jpg,,False,Objets connectés,18,2025-06-24 11:51:47.728378
"Jabra Speak 510 Speaker — Portable Bluetooth Speaker, Conference Speaker — Connects to Laptops, Smartphones and Tablets — USB Plug",Jabra,122.61,4.6,6014.0,100.0,https://m.media-amazon.com/images/I/61fjL51+TdL._AC_UL320_.jpg,,False,Objets connectés,19,2025-06-24 11:51:47.729741
"Écouteurs Bluetooth 5.3, Écouteur sans Fil avec 4 ENC Réduction Antibruit Mic Casque Bluetooth Hi-FI Son Stéréo, 36 Heures Durée de Lecture, IP7 Etanche, Écran LED, Contrôle Tactile",Écouteurs,23.99,4.4,50118.0,500.0,https://m.media-amazon.com/images/I/61PoM+ECNmL._AC_UL320_.jpg,,False,Objets connectés,20,2025-06-24 11:51:47.731453
"AKASO EK7000 Caméra Sport 4K 30fps 20MP WiFi avec Carte Mémoire microSDXC 64 Go, Action Camera 4k Étanche jusqu'à 30M avec Stabilisation Grand Angle de 170° Télécommande 2.4G",AKASO,79.99,4.2,13356.0,200.0,https://m.media-amazon.com/images/I/71ka3ZwL5LL._AC_UL320_.jpg,,False,Objets connectés,21,2025-06-24 11:51:47.733580
Weenect Chat XS - Nouveau Collier GPS pour Chat | Mini Traceur GPS Chat en Temps réel | Plus Petit modèle du marché | Fonctionne avec abonnement | Collier Inclus | Garantie à Vie,Weenect,49.99,4.3,1102.0,300.0,https://m.media-amazon.com/images/I/71dqQA1AWxL._AC_UL320_.jpg,,False,Objets connectés,22,2025-06-24 11:51:47.734780
"DJI Bundle Osmo Action 4 Standard - Caméra d’Action étanche 4K/120 IPS avec capteur 1/1,3 Pouce, des Images saisissantes en Basse lumière, des Couleurs D-Log M 10 Bits, Batterie 1 770 mAh prolongée",DJI,259.0,4.4,4096.0,100.0,https://m.media-amazon.com/images/I/61EtBLmDDaL._AC_UL320_.jpg,,False,Objets connectés,23,2025-06-24 11:51:47.735744
"Ecouteurs Bluetooth sans Fil, Écouteurs Bluetooth 5.3, 50 Heures Contrôle Tactile, 4 ENC Appel Réduction Antibruit Mic, Basses Profondes, Ajustement Confortable, IPX7 Étanche Casque（Noir）",Ecouteurs,23.98,4.5,16230.0,500.0,https://m.media-amazon.com/images/I/71v9KFy+Q5L._AC_UL320_.jpg,,False,Objets connectés,24,2025-06-24 11:51:47.737414
"Caméra d'action au pouce – Caméras avec enregistrement audio et vidéo | Caméra d'action portable | Étanche 4K avec magnétique et clip à 360° pour cyclisme, moto, gym, randonnée, voyage, sports de",Caméra,69.99,,,100.0,https://m.media-amazon.com/images/I/619xPYL+0XL._AC_UL320_.jpg,,False,Objets connectés,25,2025-06-24 11:51:52.265585
"COROS Pace 3 Montre GPS de Sport, légère et Confortable, 17 Jours d'autonomie, Montre de Running GPS Double fréquence, Fréquence Cardiaque, Navigation, Suivi du Sommeil, Course à Pied (Nylon Encre)",COROS,249.0,4.5,1919.0,100.0,https://m.media-amazon.com/images/I/81OX6InPf2L._AC_UL320_.jpg,,False,Objets connectés,26,2025-06-24 11:51:52.282756
"Ecouteurs Bluetooth sans Fil Sport, 2025 Headphones 5.4 HiFi Stéréo, Ecouteurs sans Fil avec ENC Mic, Ecouteur Pour Courir, IP7 Étanche Écouteur, 40H, Oreillette Sans Fil, Casque Écran LED, Bleu",Ecouteurs,23.99,4.5,1587.0,400.0,https://m.media-amazon.com/images/I/71gcgqJHpVL._AC_UL320_.jpg,,False,Objets connectés,27,2025-06-24 11:51:52.286845
"DJI Bundle Standard Osmo Action 5 Pro, Caméra Étanche avec Capteur 1/1,3"", Vidéo 4K/120 IPS, Suivi de Sujet, Stabilisation, Double Écran Tactile OLED, Caméra d’Action 4K Idéale pour Sports, Vlog",DJI,375.84,4.5,1528.0,100.0,https://m.media-amazon.com/images/I/71LN4iT1PqL._AC_UL320_.jpg,,False,Objets connectés,28,2025-06-24 11:51:52.288714
"Insta360 X4 - Caméra d'action 360° 8K étanche, vidéo grand angle 4K, effet de perche à selfie invisible, protège-objectifs amovibles, 135 min d'autonomie, édition IA, stabilisation, pour sport, voyage",Insta360,475.99,4.4,1393.0,50.0,https://m.media-amazon.com/images/I/61rir1x7EyL._AC_UL320_.jpg,,False,Objets connectés,29,2025-06-24 11:51:52.290215
"Soundcore Space One Casque Bletooth sans fil avec Réduction de Bruit Active Adaptative by Anker, Réduction des Voix Humaine 2X Plus Efficace, ANC 46H, Contrôle app, LDAC Hi-Res Wireless Audio, Confort",Soundcore,72.99,4.3,9007.0,200.0,https://m.media-amazon.com/images/I/51jCt-yAPOL._AC_UL320_.jpg,,False,Objets connectés,30,2025-06-24 11:51:52.294729
Apexcam M80 Caméra Sport 4K Stabilisateur 60FPS Action cam avec Carte 64GB Photo 48MP Camera Étanche 40M avec EIS 8X Zoom 170° Grand Angle avec Kits d'accessoires pour Aventures,Apexcam,53.49,4.6,432.0,200.0,https://m.media-amazon.com/images/I/71MqVAkobQL._AC_UL320_.jpg,,False,Objets connectés,31,2025-06-24 11:51:52.297279
AKASO Caméra Sport 4K Etanche WiFi Action Caméra Sportive Ultra Full HD Stabilisateur avec Télécommande Écran Tactile 30fps Angle Réglable 131 Pieds sous Marine 2 Batteries Kit d'Accessoires – V50X,AKASO,119.99,4.5,3603.0,100.0,https://m.media-amazon.com/images/I/71OUG6j-XGL._AC_UL320_.jpg,,False,Objets connectés,32,2025-06-24 11:51:52.301278
"JLab Go Work Casque Bluetooth sans Fil avec Micro, 2e Génération - +55h d'Autonomie, Bluetooth ou Dongle USB-C avec Connexion Multipoint pour Ordinateurs PC, Portables - avec ou sans Fil",JLab,49.99,3.9,12326.0,200.0,https://m.media-amazon.com/images/I/71y606kL8mL._AC_UL320_.jpg,,False,Objets connectés,33,2025-06-24 11:51:52.302708
"Casque Conduction Osseuse, Casque Bluetooth Sans Fil Sport, Casque Running avec HD Micro, Open Ear Casque Etanche IP55 pour la Course à Pied, 8h d'Autonomie, Casque Sans Fil pour Le Jogging, Le vél",Casque,25.99,,,300.0,https://m.media-amazon.com/images/I/61n7exfxa5L._AC_UL320_.jpg,,False,Objets connectés,34,2025-06-24 11:51:52.304911
"DJI Bundle Essentiel Osmo Action 5 Pro, Caméra Étanche avec Capteur 1/1,3"", Vidéo 4K/120 IPS, Suivi de Sujet, Stabilisation, Double Écran Tactile OLED, Caméra d’Action 4K Idéale pour Sports, Vlog",DJI,369.0,4.5,1528.0,50.0,https://m.media-amazon.com/images/I/71LN4iT1PqL._AC_UL320_.jpg,,False,Objets connectés,35,2025-06-24 11:51:52.306411
"Ecouteurs Bluetooth sans Fil, Casque Bluetooth 5.3, 50 Heures Contrôle Tactile, 4 ENC Appel Réduction Antibruit Mic, Basses Profondes, Ajustement Confortable, IPX7 Étanche Casque",Ecouteurs,23.98,4.5,16230.0,300.0,https://m.media-amazon.com/images/I/612CWRLMU+L._AC_UL320_.jpg,,False,Objets connectés,36,2025-06-24 11:51:52.308585
SANOTO Casque Conduction Osseuse Open Ear Casque Bluetooth sans Fil Sport IPX7 Waterproof and Sweatproof Écouteur Adapté à la Course à Pied Cyclisme Fitness Bureau,SANOTO,49.99,4.2,1777.0,300.0,https://m.media-amazon.com/images/I/513AJLSmNML._AC_UL320_.jpg,,False,Objets connectés,37,2025-06-24 11:51:52.310478
"SHOKZ OpenSwim Casque à Conduction osseuse, Lecteur MP3 de Natation étanche IP68, écouteurs de Sport Oreilles Libres avec 4 GB de mémoire, 8H d'autonomie, Bouchons d'oreilles (sans Bluetooth), Noir",SHOKZ,159.0,4.5,3508.0,100.0,https://m.media-amazon.com/images/I/51OXIZOHm6L._AC_UL320_.jpg,,False,Objets connectés,38,2025-06-24 11:51:52.313712
"Ecouteurs Bluetooth sans Fil, AOVOCE Casque Bluetooth 5.3 avec 4 ENC Réduction Bruit Mic Écran LED HiFI Son Stéréo 42H Durée Lecture IP6 Étanche Sport Oreillette Contrôle Tactile pour iOS Android Noir",Ecouteurs,20.99,4.4,4727.0,300.0,https://m.media-amazon.com/images/I/7192lowvvhL._AC_UL320_.jpg,,False,Objets connectés,39,2025-06-24 11:51:52.316538
"COROS Pace 3 Montre GPS de Sport, légère et Confortable, 17 Jours d'autonomie, Montre de Running GPS Double fréquence, Fréquence Cardiaque, Navigation, Suivi du Sommeil, Course à Pied (Silicon Noire)",COROS,249.0,4.5,1919.0,50.0,https://m.media-amazon.com/images/I/61HE8zhwT7L._AC_UL320_.jpg,,False,Objets connectés,40,2025-06-24 11:51:52.317797
Xilecam Mini Caméra Sport 1080P avec Carte Mémoire 32 Go Mini Camera Accessoires Multifonctions Camera Portable,Xilecam,36.99,4.1,31.0,,https://m.media-amazon.com/images/I/61x0bbCePvL._AC_UL320_.jpg,,False,Objets connectés,41,2025-06-24 11:51:52.318971
"GoPro HERO11 Black Mini - Caméra d'action étanche compacte avec vidéo Ultra HD 5.3K60, Images Fixes 24.7MP, capteur d'image 1/1.9"", Diffusion en Direct, stabilisation",GoPro,199.99,3.7,959.0,50.0,https://m.media-amazon.com/images/I/61x-hCi4V1L._AC_UL320_.jpg,,False,Objets connectés,42,2025-06-24 11:51:52.320144
"Ecouteurs Bluetooth sans Fil, Casque Bluetooth 5.3, 50 Heures Contrôle Tactile, 4 ENC Appel Réduction Antibruit Mic, Basses Profondes, Ajustement Confortable, IPX7 Étanche Casque（Rose）",Ecouteurs,23.98,4.5,16230.0,300.0,https://m.media-amazon.com/images/I/71-m3Etug6L._AC_UL320_.jpg,,False,Objets connectés,43,2025-06-24 11:51:52.321912
"OMRON EVOLV moniteur de tension artérielle, tensiomètre bras sans fil, Bluetooth, validé cliniquement - MAINTENANT avec 6 mois d’abonnement OMRON connect Premium GRATUIT",OMRON,144.9,4.6,1231.0,100.0,https://m.media-amazon.com/images/I/51z4cJalHLL._AC_UL320_.jpg,,False,Objets connectés,44,2025-06-24 11:51:52.322987
JBL Tune 570bt Black Auriculares Onear Inalámbricos,JBL,34.79,4.6,1577.0,200.0,https://m.media-amazon.com/images/I/515H9kt-7VL._AC_UL320_.jpg,,False,Objets connectés,45,2025-06-24 11:51:52.324136
Caméra Sport 4K 60FPS 64MP Caméra Étanche 40M Action Cam WiFi avec Micro SD 64GB Écran Tactile Stabilisateur EIS avec Kits d'accessoires pour Sports Extrêmes et Loisirs,Caméra,77.99,4.6,432.0,100.0,https://m.media-amazon.com/images/I/718JiiQF8JL._AC_UL320_.jpg,,False,Objets connectés,46,2025-06-24 11:51:52.325428
"Soundcore Anker Life A1 Écouteurs Bluetooth sans Fil, Écouteurs de Sport Étanche IPX7, Son Personnalisé, Autonomie 35H, Charge sans Fil, Charge Rapide USB C, Commande par Boutons, Transport, Sport",Soundcore,39.99,4.4,40241.0,200.0,https://m.media-amazon.com/images/I/51QReosscPL._AC_UL320_.jpg,,False,Objets connectés,47,2025-06-24 11:51:52.327439
"HoomBand Casque Audio Bluetooth, Sommeil Bandeau pour s'endormir, sans Fil, Voyage, Appli Gratuite, Histoires Hypnotiques, Méditations Guidées conçues par des spécialistes du Sommeil",HoomBand,69.0,4.2,1621.0,100.0,https://m.media-amazon.com/images/I/916q9FD91ZL._AC_UL320_.jpg,,False,Objets connectés,48,2025-06-24 11:51:52.329718
"Garmin Forerunner 165, Music - Montre GPS connectée de Running avec écran AMOLED – Noir/Gris",Garmin,310.99,4.5,433.0,50.0,https://m.media-amazon.com/images/I/612nZ+KvRUL._AC_UL320_.jpg,,False,Objets connectés,49,2025-06-24 11:51:56.888267
"Ecouteurs Bluetooth sans Fil, Écouteurs Bluetooth 5.3 avec ENC Réduction Casque, 40 Heures Durée de Lecture avec Écran LED, Hi-FI Son Stéréo, IP7 Étanche, Contrôle Tactile Oreillette Bluetooth, Blanc",Ecouteurs,23.99,4.4,9813.0,200.0,https://m.media-amazon.com/images/I/51KzriBttLL._AC_UL320_.jpg,,False,Objets connectés,50,2025-06-24 11:51:56.890576
Eyes GO 5K - Marque Française - Caméra Sport 5K30fps 4K60FPS - Appareil Photo 50MP - Kits 31 Accessoires - 2 écrans (Tactile & Vlog)- Micro Cravate 360° -EIS 2- Action Camera Sportive Étanche Dashcam,Eyes,89.9,4.6,14.0,50.0,https://m.media-amazon.com/images/I/61rmgaZmLUL._AC_UL320_.jpg,,False,Objets connectés,51,2025-06-24 11:51:56.891543
"DJI Bundle Osmo Action 4 Aventure - Caméra étanche 4K/120 IPS, capteur 1/1,3 Pouce, D-Log M 10 Bits, FOV Ultra Large 155º, Jusqu’à 7 Heures 30 Min avec Trois Batteries supplémentaires pour vlogging",DJI,347.21,4.4,4096.0,50.0,https://m.media-amazon.com/images/I/71mqPf2vE+L._AC_UL320_.jpg,,False,Objets connectés,52,2025-06-24 11:51:56.892558
"Insta360 Ace Pro 2 Pack Double Batterie - Caméra d'action étanche 8K co-conçue avec Leica, capteur 1/1,3"", Double Puce d'IA, qualité en Basse lumière, Audio avancé, écran Rabattable, édition IA",Insta360,469.99,4.5,437.0,50.0,https://m.media-amazon.com/images/I/61v1GeFItkL._AC_UL320_.jpg,,False,Objets connectés,53,2025-06-24 11:51:56.893960
"Srhythm NC25 Casque Bluetooth sans Fil Reducteur de Bruit Active, 50H Autonomie et Charge Rapide, Ecouteurs Connexion à 2 Appareils, Très léger avec Micro, Mode Transparence et Jeu, Mémoire de Forme",Srhythm,39.99,4.4,15097.0,200.0,https://m.media-amazon.com/images/I/61h8tZdnksL._AC_UL320_.jpg,,False,Objets connectés,54,2025-06-24 11:51:56.896477
JVC CS-J520X Haut-Parleurs,JVC,25.02,4.4,4935.0,200.0,https://m.media-amazon.com/images/I/81w-GTLHv+L._AC_UL320_.jpg,,False,Objets connectés,55,2025-06-24 11:51:56.897864
"Soundcore by Anker Liberty 4 NC Ecouteurs Bluetooth sans Fil à Réduction de Bruit 98,5%, Bluetooth 5.3, Reducteur de Bruit Adaptative aux Oreilles et à l'environnement, Hi-Res Sound, 50H de Lecture",Soundcore,59.99,4.4,18122.0,100.0,https://m.media-amazon.com/images/I/510iqOhhohL._AC_UL320_.jpg,,False,Objets connectés,56,2025-06-24 11:51:56.899938
"SUUNTO Race Montre de Sport Homme Femme, Tracker d'Activités GPS Running, Bi-Band GNSS, Carte Hors Ligne, Écran Tactile AMOLED, Smartwatch Cardiofréquencemètre Podomètre Altimètre, Autonomie 26 Jours",SUUNTO,419.0,4.4,400.0,,https://m.media-amazon.com/images/I/71ejASC5CdL._AC_UL320_.jpg,,False,Objets connectés,57,2025-06-24 11:51:56.901204
"Insta360 X3 Caméra d'action étanche à 360° avec capteurs 48 MP 1/2"", vidéo HDR Active 5,7 K 360 °, Photos 72 MP à 360 °, Objectif Unique 4K, stabilisation, écran Tactile 2,29""",Insta360,359.99,4.5,3208.0,,https://m.media-amazon.com/images/I/61RldGH-ESL._AC_UL320_.jpg,,False,Objets connectés,58,2025-06-24 11:51:56.902113
"Ecouteurs Bluetooth sans Fil, Casque Bluetooth 5.3, 50 Heures Contrôle Tactile, 4 ENC Appel Réduction Antibruit Mic, Basses Profondes, Ajustement Confortable, IPX7 Étanche Casque pour iOS Android",Ecouteurs,11.99,4.7,410.0,400.0,https://m.media-amazon.com/images/I/51s1-ru5AIL._AC_UL320_.jpg,,False,Objets connectés,59,2025-06-24 11:51:56.902972
"‌Caméra Mini Sport 4K WiFi, Miniature Étanche pour Moto/Vélo/Surf, Caméra Action Portable Légère avec Clip 360°, Idéale pour Running/Plongée/VTT - Cadeau Sport 2025",‌Caméra,92.89,,,,https://m.media-amazon.com/images/I/71ZG6AE7QkL._AC_UL320_.jpg,,False,Objets connectés,60,2025-06-24 11:51:56.904065
Samsung Galaxy Buds 3 Écouteurs sans fil Argenté,Samsung,107.99,4.1,330.0,100.0,https://m.media-amazon.com/images/I/51gsjCiqolL._AC_UL320_.jpg,,False,Objets connectés,61,2025-06-24 11:51:56.904994
"Creative Labs Pebble 4.4W Noir haut-parleur - (2.0 canaux, Avec fil, 3,5 mm, 4,4 W, 100 - 17000 Hz, Noir)",Creative,25.32,4.5,48443.0,100.0,https://m.media-amazon.com/images/I/51o6ogGlR5L._AC_UL320_.jpg,,False,Objets connectés,62,2025-06-24 11:51:56.905939
"COROS Pace Pro Montre GPS de Sport, écran Tactile AMOLED de 1,3 Pouce, Notre processeur Le Plus Rapide à ce Jour, autonomie de 20 j, Montre de Running, Navigation avec Cartes mondiales Hors Ligne",COROS,399.0,4.4,200.0,,https://m.media-amazon.com/images/I/612VXoI9XmL._AC_UL320_.jpg,,False,Objets connectés,63,2025-06-24 11:51:56.906777
"GoPro Ensemble d'accessoires HERO12 – Comprend Une HERO12 Noire, The Handler (poignée Flottante), Une Sangle de tête 2.0, Une Batterie Rechargeable Enduro (2) et Un étui de Transport",GoPro,406.48,4.6,4776.0,,https://m.media-amazon.com/images/I/61FHaxNrUML._AC_UL320_.jpg,,False,Objets connectés,64,2025-06-24 11:51:56.907728
"NUASI Casque Bluetooth sans Fil Sport, Ecouteur Bluetooth Sport, Bluetooth 5.3, Basses stéréo HD, Étanchéité IPX7 Écouteur Sport Adapté à la Course à Pied Cyclisme Fitness Bureau",NUASI,21.99,4.3,597.0,200.0,https://m.media-amazon.com/images/I/61+vbdiIgeL._AC_UL320_.jpg,,False,Objets connectés,65,2025-06-24 11:51:56.909845
Garmin Forerunner 955 Noir,Garmin,416.99,4.2,60.0,,https://m.media-amazon.com/images/I/51QwPkAU55L._AC_UL320_.jpg,,False,Objets connectés,66,2025-06-24 11:51:56.912785
"COROS Pace 3 Montre GPS de Sport, légère et Confortable, 17 Jours d'autonomie, Montre de Running GPS Double fréquence, Fréquence Cardiaque, Navigation, Suivi du Sommeil, Course à Pied (Nylon Craie)",COROS,249.0,4.5,1919.0,50.0,https://m.media-amazon.com/images/I/81HCogC9cGL._AC_UL320_.jpg,,False,Objets connectés,67,2025-06-24 11:51:56.914166
"Insta360 GO 3S Noir Minuit (64GB) - Petite caméra de vlog 4K, POV Mains Libres, Montage Partout, stabilisation, 140 Min d'autonomie, étanche à 10 m, édition IA, pour Voyage, vlog",Insta360,399.99,4.4,205.0,,https://m.media-amazon.com/images/I/71LY8Or+yuL._AC_UL320_.jpg,,False,Objets connectés,68,2025-06-24 11:51:56.915281
"Ecouteurs Bluetooth Sans Fil, Écouteurs Bluetooth 5.3 Hi-FI Stéréo avec 4 ENC Réduction Antibruit Mic, 40H Casque Sans Fil avec Écran LED, IP7 Étanche, Contrôle Tactil, Oreillette pour iOS Android",Ecouteurs,21.99,4.4,18740.0,100.0,https://m.media-amazon.com/images/I/719kzqTTcgL._AC_UL320_.jpg,,False,Objets connectés,69,2025-06-24 11:51:56.916967
"Cambridge Audio Melomania M100 Earbuds - Casque Intra-auriculaire sans Fil avec Suppression Active du Bruit, Son Hi-FI, Bluetooth, autonomie combinée de 52 Heures avec étui de Chargement - Noir",Cambridge,129.0,4.1,543.0,50.0,https://m.media-amazon.com/images/I/61T99yMIYaL._AC_UL320_.jpg,,False,Objets connectés,70,2025-06-24 11:51:56.917844
"Casque Bluetooth sans Fil,Casque Bluetooth Over-Ear, stéréo Pliables sans Fil et Filaire Écouteurs avec Microphone intégré, Micro SD/TF, FM pour Phone/Samsung/iPad/PC/Laptops",Casque,13.99,4.1,197.0,200.0,https://m.media-amazon.com/images/I/51ustW+bJcL._AC_UL320_.jpg,,False,Objets connectés,71,2025-06-24 11:51:56.918908
"WOLFANG Caméra Sport 4K 60FPS, GA300 24MP Grand Angle Écran Tactile WiFi Caméra Étanche, Zoom 8X Stabilisateur EIS Appareil Photo (Microphone, Télécommande, 2 Piles 1350mAh et Kit d'accessoires)",WOLFANG,59.99,4.2,1321.0,50.0,https://m.media-amazon.com/images/I/71MZ7LJGUmL._AC_UL320_.jpg,,False,Objets connectés,72,2025-06-24 11:51:56.920536
"AKASO EK7000 Caméra Sport Kit de Poignée Flottant - Comprend 4K 30FPS EK7000 Action Camera, Poignée Flottant Etanche pour Camera Sport, Sac de Rangement, 2 Batteries et Plus",AKASO,89.99,4.3,763.0,50.0,https://m.media-amazon.com/images/I/81XI9vlLmVL._AC_UL320_.jpg,,False,Objets connectés,73,2025-06-24 11:52:01.121958
"Soundcore Space One Casque Bletooth sans fil avec Réduction de Bruit Active Adaptative by Anker, Réduction des Voix Humaine 2X Plus Efficace, ANC 46H, Contrôle app, LDAC Hi-Res Wireless Audio, Confort",Soundcore,72.99,4.3,9007.0,100.0,https://m.media-amazon.com/images/I/51rFG7K+UhL._AC_UL320_.jpg,,False,Objets connectés,74,2025-06-24 11:52:01.125379
"kauguo Ecouteurs Bluetooth sans Fil, Oreillette Bluetooth 5.4 avec 4 ENC Réduction Antibruit Casque HiFi Stéréo Basses 42H Durée Écran LED Écouteurs sans Fil IPX6 Étanche Sport pour iOS Android, Bleu",kauguo,21.99,4.7,138.0,100.0,https://m.media-amazon.com/images/I/71O90l1zHpL._AC_UL320_.jpg,,False,Objets connectés,75,2025-06-24 11:52:01.128089
"SUUNTO Race Montre de Sport Homme Femme, Tracker d'Activités GPS Running, Bi-Band GNSS, Carte Hors Ligne, Écran Tactile AMOLED, Smartwatch Cardiofréquencemètre Podomètre Altimètre, Autonomie 26 Jours",SUUNTO,369.0,4.4,400.0,,https://m.media-amazon.com/images/I/71V2IOqeGpL._AC_UL320_.jpg,,False,Objets connectés,76,2025-06-24 11:52:01.131846
"DJI Osmo Action 5 Pro Combo, avec 58 Accessoires, Caméra Étanche avec Capteur 1/1,3"", 4K/120 fps, Suivi du Motif, Stabilisation, Double Écran Tactile, Caméra d'action 4K pour Sports, Vlog",DJI,419.99,3.7,11.0,,https://m.media-amazon.com/images/I/71Gx-AgYmqL._AC_UL320_.jpg,,False,Objets connectés,77,2025-06-24 11:52:01.134506
"Avantree HT5009 Plus - Casque TV Sans Fil pour Télévision, Voix Claire pour Seniors, Pass-Through, Bluetooth 5.3, Chipset Qualcomm, aptX-Adaptive, Émetteur Séparé et Station de Charge, 50h d'Autonomie",Avantree,119.99,4.3,159.0,50.0,https://m.media-amazon.com/images/I/51Oqu47RmFL._AC_UL320_.jpg,,False,Objets connectés,78,2025-06-24 11:52:01.135493
Samsung Galaxy Buds 2 Pro - Wireless Earphones Graphite,Samsung,154.99,4.4,2056.0,50.0,https://m.media-amazon.com/images/I/61VwGQqDg-L._AC_UL320_.jpg,,False,Objets connectés,79,2025-06-24 11:52:01.136484
"Jabra B2B SPEAK 410 Microsoft - Audioconférence USB - Certifié Microsoft (Version B : incluant smart bouton à activer via ""Jabra Direct"") Noir",Jabra,74.55,4.7,10752.0,50.0,https://m.media-amazon.com/images/I/51kfbJR-kFL._AC_UL320_.jpg,,False,Objets connectés,80,2025-06-24 11:52:01.137665
Yealink WH62 Mono Dect - Casque sans Fil Noir,Yealink,140.0,4.3,48.0,,https://m.media-amazon.com/images/I/61usmtd7ZGL._AC_UL320_.jpg,,False,Objets connectés,81,2025-06-24 11:52:01.138944
"Soundcore Sport X20 écouteurs Bluetooth sans Fil Sport by Anker, Crochets rotatifs et Extensibles, Suppression du Bruit, étanchéité IP68, Longue durée de Vie, écouteurs pour la Salle de Sport",Soundcore,69.99,4.4,5886.0,50.0,https://m.media-amazon.com/images/I/412LBPG1dsL._AC_UL320_.jpg,,False,Objets connectés,82,2025-06-24 11:52:01.140484
"AKASO V50 Elite Action Cam avec Carte Mémoire MicroSDXC 64 Go, Caméra Sport 4K 60fps 20MP WiFi Télécommande Commande Vocale Ecran Tactile EIS sous Marine Angle Vision Réglable 8X Zoom",AKASO,159.99,4.4,5170.0,50.0,https://m.media-amazon.com/images/I/71lcIrGcOQL._AC_UL320_.jpg,,False,Objets connectés,83,2025-06-24 11:52:01.142588
"GoPro HERO13 Black Creator Edition – Volta (poignée de Batterie, trépied, télécommande), Module multimédia + d'éclairage, Batterie Enduro, Support de Verrouillage magnétique et étui de Transport",GoPro,678.9,4.5,1088.0,,https://m.media-amazon.com/images/I/61PL5ufIrQL._AC_UL320_.jpg,,False,Objets connectés,84,2025-06-24 11:52:01.145052
"Xiaomi Redmi Note 14 Pro Plus 5G Smart Phone, 8GB RAM 256 GB, Pantalla AMOLED de 6,67'', Sensor de Huellas, Cámara de 200 MP, NFC, Cargador no Incluido, Color Lavender Purple",Xiaomi,290.17,4.3,100.0,,https://m.media-amazon.com/images/I/811P1Djb56L._AC_UL320_.jpg,,False,Objets connectés,85,2025-06-24 11:52:01.147375
"OMRON RS3 Intelli IT tensiomètre automatique au poignet avec connexion Bluetooth, compatible avec smartphones iOS et Android, validé cliniquement, portable, bracelet 13,5-21,5 cm",OMRON,42.99,4.5,2624.0,50.0,https://m.media-amazon.com/images/I/71sRS1O-bML._AC_UL320_.jpg,,False,Objets connectés,86,2025-06-24 11:52:01.148896
"COROS Pace Pro Montre GPS de Sport, écran Tactile AMOLED de 1,3 Pouce, Notre processeur Le Plus Rapide à ce Jour, autonomie de 20 j, Montre de Running, Navigation avec Cartes mondiales Hors Ligne",COROS,399.0,4.4,200.0,,https://m.media-amazon.com/images/I/61aWck0NxJL._AC_UL320_.jpg,,False,Objets connectés,87,2025-06-24 11:52:01.150078
"meross Multiprise Connectée (Type E), 16A Multiprise WiFi Compatible avec Apple HomeKit, Alexa et Google Home (4 Prises AC et 4 Ports USB), Multiprise Intelligente avec Commande Vocale",meross,44.99,4.5,1128.0,50.0,https://m.media-amazon.com/images/I/61bNKd41MnL._AC_UL320_.jpg,,False,Objets connectés,88,2025-06-24 11:52:01.151167
"Insta360 Ace Pro - Caméra d'action étanche conçue avec Leica, capteur de 1/1,3"", réduction du bruit par l'IA pour une qualité d'image inégalée, 4K 120ips, écran rabattable 2,4"" et fonctionnalités d'IA",Insta360,329.99,4.5,1420.0,,https://m.media-amazon.com/images/I/61Urtezh3AL._AC_UL320_.jpg,,False,Objets connectés,89,2025-06-24 11:52:01.152118
"TONEMAC Ecouteurs sans Fil Sport,N18 Casque Bluetooth avec Tour de Cou,Oreillette Bluetooth avec Mic Antibruit, 20 Heures IPX6 étanche,Noir",TONEMAC,29.99,4.3,4501.0,100.0,https://m.media-amazon.com/images/I/51VPsDhq32L._AC_UL320_.jpg,,False,Objets connectés,90,2025-06-24 11:52:01.153378
"Jadfezy Camera Sport 1080P FHD avec Carte Mémoire 32GB,Etanche 30M Caméra d'action Grand Angle, avec Deux Piles Rechargeables 900 mAh Caméra Sport et kit d'accessoires",Jadfezy,25.65,4.3,30.0,50.0,https://m.media-amazon.com/images/I/71ks6x+KGRL._AC_UL320_.jpg,,False,Objets connectés,91,2025-06-24 11:52:01.154180
"Ecouteurs Bluetooth sans Fil, Écouteurs Bluetooth 5.3, 50 Heures Contrôle Tactile, 4 ENC Appel Réduction Antibruit Mic, Basses Profondes, Ajustement Confortable, IPX7 Étanche Casque（Vert）",Ecouteurs,23.98,4.5,16230.0,100.0,https://m.media-amazon.com/images/I/61S3uezyxdL._AC_UL320_.jpg,,False,Objets connectés,92,2025-06-24 11:52:01.155748
"DOQAUS Casque Bluetooth sans Fil 90H Durée Lecture avec 3 Modes EQ Bluetooth 5.3, Casque Bluetooth,Cache-Oreilles protéines Souples,Casque sans Fil stéréo HiFi Microphone pour Voyage/Travail/Vie",DOQAUS,23.99,4.4,5552.0,100.0,https://m.media-amazon.com/images/I/61fFD42IYVL._AC_UL320_.jpg,,False,Objets connectés,93,2025-06-24 11:52:01.157380
"New bee Main Libre Bluetooth Oreillette, Casque sans Fil Bluetooth avec Microphone 60 Jours en Veille Casque Mains Libres avec Microphone Casque pour iPhone Samsung, HTC, LG, Sony, PC (Noir)",New,23.99,4.1,24748.0,100.0,https://m.media-amazon.com/images/I/61K2vP9Z9DL._AC_UL320_.jpg,,False,Objets connectés,94,2025-06-24 11:52:01.159083
TOZO OpenEarRing Écouteurs Bluetooth sans Fil Ecouteurs Bluetooth 5.4 Ultraléger avec Réduction IA de Bruit ORIGX Acoustique EQs Ajustement 40H d'Autonomie LED Écran USB Type C IPX5 Noir,TOZO,29.99,4.4,3119.0,100.0,https://m.media-amazon.com/images/I/61QuM12+7yL._AC_UL320_.jpg,,False,Objets connectés,95,2025-06-24 11:52:01.164552
"AKASO V50 X Caméra de Sport avec Carte Mémoire microSDXC U3 64 Go, Action Camera Sport 4K 30FPS Ultra Full HD Stabilisateur avec Télécommande Écran Tactile Angle Réglable Kit d'Accessoires",AKASO,129.99,4.4,1353.0,50.0,https://m.media-amazon.com/images/I/71oYqZf02EL._AC_UL320_.jpg,,False,Objets connectés,96,2025-06-24 11:52:01.167389
"Soundcore by Anker Space A40 Ecouteurs Bluetooth sans Fil Réduction du Bruit Automatique jusqu'à 98%, Ecouteurs sans Fil, 50h de Lecture, Son Hi-Res LDAC, 6 Micros, Design Confortable, Contrôle App",Soundcore,49.99,4.4,10368.0,50.0,https://m.media-amazon.com/images/I/51ObVUQs4AL._AC_UL320_.jpg,,False,Objets connectés,97,2025-06-24 11:52:05.541418
"Casque VR, Casque Réalité 3D Virtuelle, Qualité d'image 2K HD & Lumière Anti-Bleue-Casque de Réalité Virtuelle pour Jeux et Films,Casque VR Compatible avec Android & iOS Phone(Blanche)",Casque,36.59,4.7,2701.0,50.0,https://m.media-amazon.com/images/I/51RWaNg7PkL._AC_UL320_.jpg,,False,Objets connectés,98,2025-06-24 11:52:05.542325
Apexcam M80 Caméra Sport 4K 60FPS Action cam avec Micro 128Go Photo 48MP Camera Étanche 40M avec 8X Zoom 170° Grand Angle avec Kits d'accessoires pour Aventures,Apexcam,79.99,4.6,432.0,50.0,https://m.media-amazon.com/images/I/71MqVAkobQL._AC_UL320_.jpg,,False,Objets connectés,99,2025-06-24 11:52:05.543461
"IXROAD 4K Camera Pieton, Caméra Vlog/POV avec Objectif Rotatif 270°, Action Cam Portable avec Microphone Externe, Clip et Carte TF 64 Go",IXROAD,82.99,4.1,16.0,50.0,https://m.media-amazon.com/images/I/610vQKCYyJL._AC_UL320_.jpg,,False,Objets connectés,100,2025-06-24 11:52:05.545540
"Logitech POP Icon Keys Wireless Bluetooth Keyboard, Comfortable Typing, Programmable Keys, Easy-Switch Between 3 Devices Maximum, for Laptop, Tablet, PC, French AZERTY, Graphite",Logitech,44.04,4.3,26.0,50.0,https://m.media-amazon.com/images/I/61fTKUnjLOL._AC_UL320_.jpg,,False,Objets connectés,101,2025-06-24 11:52:05.547647
"OMRON RS7 Intelli IT Tensiomètre au poignet avec Connexion Bluetooth, Compatible avec Smartphones, validé cliniquement, portable, mémoire 2 utilisateur x 100 mesures",OMRON,80.19,4.3,2628.0,100.0,https://m.media-amazon.com/images/I/814m9U8wl1L._AC_UL320_.jpg,,False,Objets connectés,102,2025-06-24 11:52:05.549084
"Samsung R630 Galaxy Buds3 Pro, White",Samsung,173.99,4.1,571.0,,https://m.media-amazon.com/images/I/61w5KZTdcWL._AC_UL320_.jpg,,False,Objets connectés,103,2025-06-24 11:52:05.550760
"Philips Hue - Play HDMI Sync Box, éclairage surround pour le divertissement sur la télévision et les jeux, synchronisez avec votre contenu. Compatible avec Alexa et Google Home.",Philips,,4.1,2761.0,,https://m.media-amazon.com/images/I/51mGfH-udfL._AC_UL320_.jpg,,False,Objets connectés,104,2025-06-24 11:52:05.551646
"EKSA H5 Casque Bluetooth avec Micro & Dongle USB [45 Heures de Temps de Lecture et Portée de 10 m] Casque PC Mono avec Station de Charge et à Réduction de Bruit AI Mic, Casque sans Fil pour Bureau",EKSA,64.99,4.1,5635.0,50.0,https://m.media-amazon.com/images/I/61-T5qTudOL._AC_UL320_.jpg,,False,Objets connectés,105,2025-06-24 11:52:05.553061
"Insta360 GO 3S Pack Voyage (128GB) - Petite caméra de vlog 4K, POV Mains Libres, Montage Partout, stabilisation, 140 Min d'autonomie, étanche à 10 m, édition IA, pour vlog, Noir Minuit",Insta360,528.0,4.2,39.0,,https://m.media-amazon.com/images/I/71140AZHx9L._AC_UL320_.jpg,,False,Objets connectés,106,2025-06-24 11:52:05.553948
"Linsoul KZ ZS10 Pro, Ecouteurs Intra-Auriculaires 4BA+1DD à 5 conducteurs, Écouteurs filaires HiFi,Écouteurs de Jeu, Écouteurs IEM Hybrides, câble détachable encastré 2Pin(Noir,sans Mic)",Linsoul,55.99,4.3,17160.0,50.0,https://m.media-amazon.com/images/I/61zJN-ORQ9L._AC_UL320_.jpg,,False,Objets connectés,107,2025-06-24 11:52:05.555531
"EarFun Air Pro 4 Ecouteurs Bluetooth sans Fil, Casque sans Filà Réduction de Bruit Active Hybride, Bluetooth 5.4, aptX Lossless, Hi-Res Son, LDAC, 6 Microphones 8.0 appels AI, Batterie 52H, Multipoint",EarFun,79.99,4.5,2983.0,50.0,https://m.media-amazon.com/images/I/6157hOQ82xL._AC_UL320_.jpg,,False,Objets connectés,108,2025-06-24 11:52:05.556803
"SIMOLIO Double Casque TV sans fil pour Television, Dialogue Clair & Volume Amélioré & Confortable pour Séniors, avec émetteur/Support de Charge, Batterie de Rechange, By-pass, Pas de Latence, SM-829D2",SIMOLIO,189.99,4.4,610.0,,https://m.media-amazon.com/images/I/71Rt0Fhu6hL._AC_UL320_.jpg,,False,Objets connectés,109,2025-06-24 11:52:05.557728
"JLab Go Air Pop+ Ecouteurs Bluetooth sans Fil - Écouteurs Intra-Auriculaires avec Micro, 35+ Heures d'Autonomie, Ecouteur et Boîtier de Charge, Oreillette Son Personnalisé EQ3, App, Noir Minuit",JLab,24.99,4.1,24145.0,100.0,https://m.media-amazon.com/images/I/71xTkgJ2aCL._AC_UL320_.jpg,,False,Objets connectés,110,2025-06-24 11:52:05.560328
"OneOdio A10 Casque Bluetooth sans Fil à Réduction de Bruit Active Hybride à Multi Mode 62 Heures Extra Bass, Casque Audio, Bluetooth & Filaire Mode,Voyage, Bureau,Connexion à 2 Appareils Bluetooth",OneOdio,79.99,4.2,1768.0,50.0,https://m.media-amazon.com/images/I/71gJUkBScaL._AC_UL320_.jpg,,False,Objets connectés,111,2025-06-24 11:52:05.561765
"Bundle Plongée DJI Osmo Action 5 Pro, Caméra d’Action 4K pour Plongeurs avec Boîtier Étanche à 60 m, Double Écran Tactile OLED, Manomètre d’Eau, Capteur de Température de Couleur",Bundle,444.84,4.5,1528.0,,https://m.media-amazon.com/images/I/718DSiozcuL._AC_UL320_.jpg,,False,Objets connectés,112,2025-06-24 11:52:05.563163
"JSAUX Batterie pour Meta Quest 3/2, 10000mAh PD Fast Charger Battery Pack (Extra 4-6 H Playtime), VR Extend Power Accessories, Compatible avec Oculus Quest 3, Meta Quest 2, Meta Quest 3S and More",JSAUX,39.99,4.6,451.0,50.0,https://m.media-amazon.com/images/I/61tkQ2bUtvL._AC_UL320_.jpg,,False,Objets connectés,113,2025-06-24 11:52:05.564201
"Creative Labs Pebble 4.4W Noir haut-parleur - Hauts-parleurs (2.0 canaux, Avec fil, 3,5 mm, 4,4 W, 100 - 17000 Hz, Blanc)",Creative,25.33,4.5,13748.0,50.0,https://m.media-amazon.com/images/I/51kibB4Q0BL._AC_UL320_.jpg,,False,Objets connectés,114,2025-06-24 11:52:05.565370
TOZO Hybrid Écouteurs Bluetooth sans Fil Ecouteurs Bluetooth 5.3 avec Hybride ANC 6 Mics ENC ORIGX 2.0 Acoustique EQs Ajustement 59H d'Autonomie LED Écran USB Type C IPX8 Noir,TOZO,37.99,4.4,7022.0,50.0,https://m.media-amazon.com/images/I/71l2qgYAjoL._AC_UL320_.jpg,,False,Objets connectés,115,2025-06-24 11:52:05.567555
"COROS Pace 3 Montre GPS de Sport, légère et Confortable, 17 Jours d'autonomie, Montre de Sport GPS Double fréquence, Fréquence Cardiaque, Navigation, Suivi du Sommeil, Course à Pied (Silicon Blanc)",COROS,249.0,4.5,1919.0,,https://m.media-amazon.com/images/I/61KBRtAjahL._AC_UL320_.jpg,,False,Objets connectés,116,2025-06-24 11:52:05.568306
"Anker soundcore Mini Enceinte Bluetooth - Mini Enceinte Bluetooth Portable avec Autonomie de 15 Heures, Port Micro SD, Micro et Basses Renforcées",Anker,27.99,4.5,103771.0,50.0,https://m.media-amazon.com/images/I/61fAlyXaZ4L._AC_UL320_.jpg,,False,Objets connectés,117,2025-06-24 11:52:05.569061
"SHOKZ OpenComm2 UC 2025 Upgrade Conduction osseuse avec Adaptateur USB-C, écouteurs Bluetooth Oreilles Libres avec Micro Anti-Bruit, écouteurs sans Fil, 16 Heures d'autonomie, Signet de, Noir",SHOKZ,239.95,4.4,2589.0,,https://m.media-amazon.com/images/I/51RarBqQ12L._AC_UL320_.jpg,,False,Objets connectés,118,2025-06-24 11:52:05.569835
"AKASO V50 X Caméra Sport Kit de Poignée Flottant- Comprend 20MP Camera Sport 4K Etanche 30FPS avec Poignée Flottant pour Action Camera Sportive, Sac de Rangement, 2 Batteries et Plus",AKASO,139.99,4.4,197.0,50.0,https://m.media-amazon.com/images/I/81WJfbFJYlL._AC_UL320_.jpg,,False,Objets connectés,119,2025-06-24 11:52:05.571334
"Insta360 X4 Pack Luxe - Caméra d'action 360° 8K étanche, vidéo Grand Angle 4K, Perche à Selfie Invisible, protège-objectifs Amovibles, 135 Min d'autonomie, édition IA, stabilisation",Insta360,547.0,4.5,685.0,,https://m.media-amazon.com/images/I/61kq35GP8hL._AC_UL320_.jpg,,False,Objets connectés,120,2025-06-24 11:52:05.572016
Baobylon Nouvelle Version Mini Caméra Sport 1080P WiFi Camera de Poche pour Casque Camera Vlog Pieton Étanche jusqu'à 30M pour Les Passionnés d'Aventure Accessoires Multifonctions,Baobylon,76.99,3.9,27.0,,https://m.media-amazon.com/images/I/71ro+eWCyDL._AC_UL320_.jpg,,False,Objets connectés,121,2025-06-24 11:52:09.690636
"DEWALT - Enceinte Bluetooth XR 10,8/14,4/18 / 54V - DCR011-XJ - Sans Fil - Enceinte Connectée avec Port USB - Connectabilité dans un Rayon Maximal de 30 mètres",DEWALT,117.03,4.5,428.0,,https://m.media-amazon.com/images/I/61C1hrWwneL._AC_UL320_.jpg,,False,Objets connectés,122,2025-06-24 11:52:09.691680
"OneOdio ProC Bluetooth Casque sans Fil et Mode Filaire, 110 Heures d'utilisation,Casque Audio avec Micro, Hi-RES Audio, Coussinets en Protéines Douces, Extra Basses, Confortable Léger Pliable Noir",OneOdio,49.99,4.4,3444.0,50.0,https://m.media-amazon.com/images/I/71zT+KL2J-L._AC_UL320_.jpg,,False,Objets connectés,123,2025-06-24 11:52:09.693645
"Logitech POP Mouse, souris Bluetooth sans fil compacte et portable avec boutons programmables et clics discrets, Easy-Switch entre 3 dispositifs, ordinateur portable, tablette, PC - Graphite",Logitech,22.46,4.7,335.0,100.0,https://m.media-amazon.com/images/I/513Ni8ukgSL._AC_UL320_.jpg,,False,Objets connectés,124,2025-06-24 11:52:09.696098
"SIMOLIO SM-824D2 Doubles Casques sans Fil pour Télévision pour Séniors avec émetteur Support de Charge 2 en 1, Ecouteurs Numériques 2,4 GHz, Mode Dialogue Clair et Ambient Mode, Batterie de Rechange",SIMOLIO,189.99,4.2,3997.0,,https://m.media-amazon.com/images/I/51JYY9n7SNL._AC_UL320_.jpg,,False,Objets connectés,125,2025-06-24 11:52:09.697414
"Soundcore by Anker Space Q45, Casque à Réduction Active du Bruit Jusqu’à 98%, 50 Heures d’Autonomie, Audio sans Fil LDAC Hi-Res, Ajustement Confortable, Appels Clairs, Bluetooth 5.3",Soundcore,99.99,4.3,10792.0,50.0,https://m.media-amazon.com/images/I/71y9B19C5LL._AC_UL320_.jpg,,False,Objets connectés,126,2025-06-24 11:52:09.700027
"Insta360 GO 3S Blanc Arctique (128 Go) - Petite caméra de vlog 4K, POV Mains Libres, Montage Partout, stabilisation, 140 Min d'autonomie, étanche à 10 m, édition IA, pour vlog",Insta360,429.99,4.4,197.0,,https://m.media-amazon.com/images/I/71ti3cYFEwL._AC_UL320_.jpg,,False,Objets connectés,127,2025-06-24 11:52:09.700912
"Insta360 X5 Pack débutant - caméra d'action 360° 8K étanche, Basse lumière de Pointe, Perche à Selfie Invisible, objectifs Robustes et remplaçables, 3h d'autonomie, Pare-Vent intégré, stabilisation",Insta360,649.99,,,,https://m.media-amazon.com/images/I/61RN691ukQL._AC_UL320_.jpg,,False,Objets connectés,128,2025-06-24 11:52:09.701998
"HUAWEI Watch GT 2(46mm) Montre Connectée, Autonomie de 2 Semaine, GPS Intégré, 15 Modes de Sport, Suivi du Rythme Cardiaque en Temps Réel, Appels Bluetooth, Sport Noir",HUAWEI,164.99,4.6,21006.0,,https://m.media-amazon.com/images/I/71xNCOg7LWL._AC_UL320_.jpg,,False,Objets connectés,129,2025-06-24 11:52:09.702909
co2CREA Dur Étui de Voyage Rigide Housse Cas pour JBL Charge 4 / JBL Charge 5 Enceinte Bluetooth Portable(boîte Seule)(Noir),co2CREA,16.14,4.7,5548.0,100.0,https://m.media-amazon.com/images/I/81np2hbB4tL._AC_UL320_.jpg,,False,Objets connectés,130,2025-06-24 11:52:09.704392
"SUUNTO Run Montre de Running Femme Homme, 1,32"" Écran Tactile AMOLED, Multisports, Tracker d'Activités, GPS Bi-Band, Suivi Fréquence Cardiaque/Sommeil, Course à Pied, 12 Jours d'Autonomie, Musique",SUUNTO,249.0,4.3,14.0,,https://m.media-amazon.com/images/I/71FMO9f5reL._AC_UL320_.jpg,,False,Objets connectés,131,2025-06-24 11:52:09.705313
"SHPTDJTIC Caméra corporelle 4K, taille pouce, caméra portable avec clip rotatif à 360° et clip magnétique, 120 minutes pour l'enregistrement, prendre pour une conférence, les voyages, la promenade des",SHPTDJTIC,109.0,3.8,52.0,50.0,https://m.media-amazon.com/images/I/719t-Wjq5VL._AC_UL320_.jpg,,False,Objets connectés,132,2025-06-24 11:52:09.706210
"Insta360 GO 3S Pack Action (128 Go) - Petite caméra de vlog 4K, POV Mains Libres, Montage Partout, stabilisation, 140 Min d'autonomie, étanche à 10 m, édition IA, Blanc Arctique",Insta360,473.0,4.3,618.0,,https://m.media-amazon.com/images/I/71iwZfmFgRL._AC_UL320_.jpg,,False,Objets connectés,133,2025-06-24 11:52:09.707034
"TIMNUT Sport Caméra 4K 30FPS avec Carte SD 64G, HD 20 MP Caméra d'action WiFi, Caméra Étanche 40m avec Microphone, Télécommande, 170° Caméras avec 2 batteries Kit d'accessoires pour montage sur casque",TIMNUT,48.29,4.1,627.0,50.0,https://m.media-amazon.com/images/I/71gtKUViyOL._AC_UL320_.jpg,,False,Objets connectés,134,2025-06-24 11:52:09.707855
"SIMOLIO SM-824D1 2,4 GHz Casque TV sans Fil avec émetteur, Casque Audio sans Fil pour Television, Batterie de Rechange, Clarté des Dialogues, Ambient Mode, Optique/RCA/AUX, 100 Pieds, sans Latence",SIMOLIO,109.99,4.2,3997.0,,https://m.media-amazon.com/images/I/51H5CdV98VL._AC_UL320_.jpg,,False,Objets connectés,135,2025-06-24 11:52:09.708992
"AKASO V50 X Caméra de Sport avec Carte Mémoire microSDXC U3 128 Go, Action Camera Sport 4K 30FPS Ultra Full HD Stabilisateur avec Télécommande Écran Tactile Angle Réglable Kit d'Accessoires",AKASO,139.99,4.4,1353.0,,https://m.media-amazon.com/images/I/71JBhO7A0ML._AC_UL320_.jpg,,False,Objets connectés,136,2025-06-24 11:52:09.712237
"Enceinte Portable, MIFA A1 Haut Parleur Bluetooth et IP56 étanche et Anti-Poussière, Temps 15 Heures, Port Micro SD et Microphone Intégré",Enceinte,18.99,4.3,13619.0,50.0,https://m.media-amazon.com/images/I/61mMgrfh2WL._AC_UL320_.jpg,,False,Objets connectés,137,2025-06-24 11:52:09.713663
"Samsung Galaxy Buds3 Écouteurs intra-auriculaires sans fil Bluetooth avec réduction active du bruit (ANC), réduction adaptative du bruit, avec audio à 360°, argenté et étui transparent Anymode",Samsung,111.99,4.1,571.0,50.0,https://m.media-amazon.com/images/I/71KnYAoOUuL._AC_UL320_.jpg,,False,Objets connectés,138,2025-06-24 11:52:09.714832
"BOXSSROG Ecouteurs Bluetooth sans Fil, Casque Bluetooth 5.3 avec 4 ENC Réduction Bruit Mic Écran LED HiFI Son Stéréo 42H Durée Lecture IP6 Étanche Sport Oreillette Contrôle Tactile pour iOS Android",BOXSSROG,9.99,4.5,735.0,50.0,https://m.media-amazon.com/images/I/51m8ppX-QsL._AC_UL320_.jpg,,False,Objets connectés,139,2025-06-24 11:52:09.715672
"PowerLocus Casque Bluetooth Audio stéréo Pliable sans Fil et Filaire avec Micro intégré, Micro SD/TF, FM pour iPhone/Wiko/Samsung/iPad/PC (Noir)",PowerLocus,29.99,4.4,56454.0,50.0,https://m.media-amazon.com/images/I/51KIaY2DphL._AC_UL320_.jpg,,False,Objets connectés,140,2025-06-24 11:52:09.717165
"Soundcore Space One Casque Bletooth sans fil avec Réduction de Bruit Active Adaptative by Anker, Réduction des Voix Humaine 2X Plus Efficace, ANC 46H, Contrôle app, LDAC Hi-Res Wireless Audio, Confort",Soundcore,72.99,4.3,9007.0,,https://m.media-amazon.com/images/I/51udsOwmTcL._AC_UL320_.jpg,,False,Objets connectés,141,2025-06-24 11:52:09.719892
"Amazfit Up OWS Casque Bluetooth 5.3, Écouteurs Ouverts sans Fil avec Contrôle Tactile Facile, Résistant à l'eau IPX4, Réduction du Bruit de Fond AI, Écouteurs compatibles avec Android et iPhone",Amazfit,49.9,4.1,265.0,50.0,https://m.media-amazon.com/images/I/51knK3OKuSL._AC_UL320_.jpg,,False,Objets connectés,142,2025-06-24 11:52:09.720965
"Garmin - fenix 7X, Solar - Montres GPS multisports connectée haute performance - Gray avec bracelet noir – Boitier 51 mm",Garmin,,4.6,4290.0,,https://m.media-amazon.com/images/I/51jkchMsB2L._AC_UL320_.jpg,,False,Objets connectés,143,2025-06-24 11:52:09.721716
"Amazfit Cheetah, 47 mm, Running Montre Intelligente avec GPS Double Bande, Navigation d'itinéraire et Cartes Hors Ligne, Moniteur de Fréquence Cardiaque, Alexa Intégré, Tutonomie de 14 Jours",Amazfit,,4.2,738.0,,https://m.media-amazon.com/images/I/71sb25zbxeL._AC_UL320_.jpg,,False,Objets connectés,144,2025-06-24 11:52:09.722434
"Casque realite virtuelle + Jouet educatif Maths [Calcul Mental, Table de Multiplication…] Lunette 3D de réalité augmentée + Jouet Enfant 5 6...12 Ans [Cadeau Original] Noel - Anniversaire. Jeu VR",Casque,59.0,3.7,7668.0,50.0,https://m.media-amazon.com/images/I/71jdL+szAuL._AC_UL320_.jpg,,False,Objets connectés,145,2025-06-24 11:52:13.838079
"JSVER Housse de Protection pour Meta Quest 3/Quest 3S/Quest 2/Oculus Quest/Oculus Go,Cas Eva Dur Voyage Stockage Sac de Transport pour Quest 3 Virtual Reality Casque Gamepad Jeu Controller Kit",JSVER,22.99,4.4,1185.0,50.0,https://m.media-amazon.com/images/I/61Itfd7rGBL._AC_UL320_.jpg,,False,Objets connectés,146,2025-06-24 11:52:13.839126
"Insta360 X4 Pack Moto pour Guidon - Caméra d'action 360° 8K étanche, vidéo Grand Angle 4K, Effet de Perche à Selfie Invisible, protège-objectifs Amovibles, 135 Min d'autonomie, édition IA",Insta360,520.0,4.5,685.0,,https://m.media-amazon.com/images/I/61jHF5E4xJL._AC_UL320_.jpg,,False,Objets connectés,147,2025-06-24 11:52:13.840070
"GoPro Max — Caméra d'action Traditionnelle étanche 360 ​​+ avec écran Tactile sphérique 5.6K30 vidéo HD 16,6 MP 360 Photos 1080p stabilisation de Diffusion en Direct",GoPro,395.78,4.4,402.0,,https://m.media-amazon.com/images/I/61igplXIVkL._AC_UL320_.jpg,,False,Objets connectés,148,2025-06-24 11:52:13.841355
Polar Pacer Black S-L,Polar,156.5,4.1,835.0,,https://m.media-amazon.com/images/I/71tupNnGEVL._AC_UL320_.jpg,,False,Objets connectés,149,2025-06-24 11:52:13.842331
"Samsung Galaxy Buds3 Écouteurs intra-auriculaires sans fil Bluetooth avec réduction active du bruit (ANC), réduction adaptative du bruit, audio à 360°, blanc",Samsung,84.46,4.1,571.0,,https://m.media-amazon.com/images/I/614xMQWGAuL._AC_UL320_.jpg,,False,Objets connectés,150,2025-06-24 11:52:13.843470
"Pèse-personne intelligent Bluetooth OMRON VIVA, avec moniteur de composition : masse graisseuse, graisse viscérale, masse de muscles squelettiques, métabolisme au repos et IMC",Pèse-personne,71.99,4.3,3269.0,50.0,https://m.media-amazon.com/images/I/51r20jeU8NL._AC_UL320_.jpg,,False,Objets connectés,151,2025-06-24 11:52:13.844928
"Bundle DJI Osmo Action 4 Plongée - Caméra d’action étanche, vidéo sous-marine, poignée flottante et boîtier étanche à 60 m, D-Log M 10 bits, capteur 1/1,3 pouce, HorizonSteady 360º, Caméra de vlogging",Bundle,328.0,4.4,4096.0,,https://m.media-amazon.com/images/I/71FtbzOoxBL._AC_UL320_.jpg,,False,Objets connectés,152,2025-06-24 11:52:13.846202
"iHealth Track - Tensiomètre Bras pour Mesure Tension Artérielle, Pouls - 99 Mémoires - Affichage 3 Couleurs sur Écran LCD, Brassard Longue Portée - Dispositif Médical Bluetooth iOS, Android",iHealth,39.99,4.4,44434.0,50.0,https://m.media-amazon.com/images/I/71c05T2jWmL._AC_UL320_.jpg,,False,Objets connectés,153,2025-06-24 11:52:13.847370
"Insta360 Ace Pro 2 Pack de Luxe - Caméra d'action étanche 8K co-conçue avec Leica, capteur 1/1,3"", Double Puce d'IA, qualité en Basse lumière, Audio avancé, écran Rabattable, édition IA Vlogs, Moto",Insta360,535.0,4.5,437.0,,https://m.media-amazon.com/images/I/619dm+VEkrL._AC_UL320_.jpg,,False,Objets connectés,154,2025-06-24 11:52:13.848715
"Ecouteurs Bluetooth sans Fil, Écouteurs Bluetooth 5.3 2024 Écouteurs sans Fil avec 4 ENC Réduction de Bruit Mic, IP7 Étanches Oreillette Bluetooth 48H Stéréo USB-C Casque Bluetooth pour Sport/Travail",Ecouteurs,23.99,4.3,31045.0,50.0,https://m.media-amazon.com/images/I/71fxfoHxx0L._AC_UL320_.jpg,,False,Objets connectés,155,2025-06-24 11:52:13.851458
Orbitsound Dock E30 - Système d'enceintes Smart Wireless (Bluetooth/Wi-FI) (Bamboo),Orbitsound,399.9,4.4,27.0,,https://m.media-amazon.com/images/I/618ZlK-oesL._AC_UL320_.jpg,,False,Objets connectés,156,2025-06-24 11:52:13.852599
Garmin Forerunner 255S – Montre GPS Multisports connectée de Running - Grise - Boîtier 41 mm,Garmin,369.99,4.6,233.0,,https://m.media-amazon.com/images/I/71uyGBzaxlL._AC_UL320_.jpg,,False,Objets connectés,157,2025-06-24 11:52:13.853674
"Insta360 Ace Pro 2 Pack Standard - Caméra d'action étanche 8K co-conçue avec Leica, capteur 1/1,3"", Double Puce d'IA, qualité en Basse lumière, Audio avancé, écran Rabattable, édition IA, Moto",Insta360,449.99,4.5,437.0,,https://m.media-amazon.com/images/I/61+3zaSUKNL._AC_UL320_.jpg,,False,Objets connectés,158,2025-06-24 11:52:13.854555
"Ecouteurs Bluetooth sans Fil Sport, 2024 New Écouteur Bluetooth 5.4 avec Micro 50H Durée Lecture Oreillette Bluetooth, IP7 Étanche casque avec Écran LED, USB-C Charge Rapide, pour running fitness yoga",Ecouteurs,25.99,4.2,989.0,50.0,https://m.media-amazon.com/images/I/81fP4ZaZJYL._AC_UL320_.jpg,,False,Objets connectés,159,2025-06-24 11:52:13.855375
"JLab Go Air Sport+ Écouteurs Bluetooth sans Fil Sport, True Wireless, Oreillette avec 35 Heures de Batterie, Indice d’Étanchéité IP55, Contrôle par Application, Écouteurs Bluetooth Sport, Graphite",JLab,35.0,3.9,4789.0,50.0,https://m.media-amazon.com/images/I/71-Nm-6X1xL._AC_UL320_.jpg,,False,Objets connectés,160,2025-06-24 11:52:13.856829
HUE HD Pro : Visualiseur de Documents et Caméra USB Flexible de Visioconférence (Noir) avec Etui de Transport (Noir),HUE,76.95,4.4,26.0,,https://m.media-amazon.com/images/I/81fBblctXgL._AC_UL320_.jpg,,False,Objets connectés,161,2025-06-24 11:52:13.857669
AKASO Caméra Sport 4K 60fps 20MP WiFi Télécommande Commande Vocale Ecran Tactile EIS Caméra Sportive Etanche sous Marine Angle Vision Réglable 8X Zoom 2 Batteries et Kit d'Accessoires V50 Elite,AKASO,149.99,4.4,5170.0,,https://m.media-amazon.com/images/I/71kM3BRnDaL._AC_UL320_.jpg,,False,Objets connectés,162,2025-06-24 11:52:13.859707
"DJI Osmo Action 5 Pro Standard Combo avec Sac De Rangement + Film Blindé + Base MagnéTique + éTui de Protection, CaméRa Étanche avec Capteur 1/1,3"", VidéO 4k/120 Fps, Suivi des Motifs, Double Écran",DJI,420.99,3.8,4.0,,https://m.media-amazon.com/images/I/61pImzjUXiL._AC_UL320_.jpg,,False,Objets connectés,163,2025-06-24 11:52:13.861145
"COROS Pace Pro Montre GPS de Sport, écran Tactile AMOLED de 1,3 Pouce, Notre processeur Le Plus Rapide à ce Jour, autonomie de 20 j, Montre de Running, Navigation avec Cartes mondiales Hors Ligne",COROS,399.0,4.4,200.0,,https://m.media-amazon.com/images/I/61yIrLHBM2L._AC_UL320_.jpg,,False,Objets connectés,164,2025-06-24 11:52:13.862967
"AKASO Brave 8 Lite Caméra Sport 4K60FPS 20MP WiFi Caméra Étanche avec Stabilisation SuperSmooth, Écran Tactile, Grand Angle de 150°, Étanche jusqu'à 60M, Slo-mo 8X, Zoom 4X, 2 Batteries de 1550mAh",AKASO,209.99,4.2,1618.0,,https://m.media-amazon.com/images/I/819HxcPTmkL._AC_UL320_.jpg,,False,Objets connectés,165,2025-06-24 11:52:13.865542
"Soundcore Space One Pro d'Anker, Casque Bluetooth sans Fil avec Réduction de Bruit Adaptatif et 6 micros, Design Super Pliable, Autonomie 60h, Chargement Ultra-Rapide, H-Res Wireless Audio avec LDAC",Soundcore,149.99,4.5,652.0,,https://m.media-amazon.com/images/I/61bQdfpSHQL._AC_UL320_.jpg,,False,Objets connectés,166,2025-06-24 11:52:13.868256
"MIFA A1 Enceinte Portable, Haut Parleur Bluetooth et IP56 étanche et Anti-Poussière, Temps 15 Heures, Port Micro SD et Microphone Intégré",MIFA,18.99,4.3,13619.0,50.0,https://m.media-amazon.com/images/I/81kFLH0iW2L._AC_UL320_.jpg,,False,Objets connectés,167,2025-06-24 11:52:13.869484
Apexcam 4k Caméra Sport 20MP avec MicroSD 64 GB Action Cam WiFi Camera Étanche 40M Ultra HD Caméra d'action 170 ° Grand-Angle avec 2.4G Télécommande et 2 Batteries Rechargeables et kit d'accessoires…,Apexcam,62.37,4.2,13029.0,,https://m.media-amazon.com/images/I/719GPLdcbJL._AC_UL320_.jpg,,False,Objets connectés,168,2025-06-24 11:52:13.870622
"Mini Enceinte Portable, MIFA Haut Parleur Bluetooth et IP56 Étanche et Anti-Poussière, Port Micro SD et Microphone Intégré pour",Mini,18.99,4.3,13619.0,50.0,https://m.media-amazon.com/images/I/81G8+CgPngL._AC_UL320_.jpg,,False,Objets connectés,169,2025-06-24 11:52:17.952117
"Ecouteurs Bluetooth sans Fil, Écouteurs Bluetooth 5.3, 50 Heures Contrôle Tactile, 4 ENC Appel Réduction Antibruit Mic, Basses Profondes, Ajustement Confortable, IPX7 Étanche Casque（Bleu Marine）",Ecouteurs,23.98,4.5,16230.0,50.0,https://m.media-amazon.com/images/I/61+jjQncnrL._AC_UL320_.jpg,,False,Objets connectés,170,2025-06-24 11:52:17.953924
"Avantree Opera Plus - Casque sans Fil TV avec Modes Cinéma et Dialogue Clair, Opt, AUX, RCA, portée de 164 Pieds, émetteur Télévision Bluetooth & Station d'accueil de Chargement 2-en-1",Avantree,149.99,4.4,384.0,,https://m.media-amazon.com/images/I/51uMud1bCWL._AC_UL320_.jpg,,False,Objets connectés,171,2025-06-24 11:52:17.954844
CGV HEL DOLFIN L Casque TV sans Fil avec Assistant auditif spécial sénior - Noir,CGV,126.61,4.0,450.0,,https://m.media-amazon.com/images/I/61792Y5RhWL._AC_UL320_.jpg,,False,Objets connectés,172,2025-06-24 11:52:17.956112
"XTU Camera Sport 4K 30FPS 20MP avec Carte SD 64Go, Caméra Étanche sous Marine avec Écran Tactile Double Affichage, Action Cam avec 2.4GHz WiFi Télécommande, EIS Stabilisation4.0, Kit d'Accessoire",XTU,109.99,4.4,444.0,,https://m.media-amazon.com/images/I/71ncRBFrNLL._AC_UL320_.jpg,,False,Objets connectés,173,2025-06-24 11:52:17.956962
"Insta360 GO 3S 64 Go Mini caméra portable 4K mains libres, stabilisation partout, batterie 140 min, étanche à 10 m, traitement IA, Apple Find My, noir, pour vlog, voyage, extérieur",Insta360,399.99,,,,https://m.media-amazon.com/images/I/71ti3cYFEwL._AC_UL320_.jpg,,False,Objets connectés,174,2025-06-24 11:52:17.958192
"Insta360 Ace Pro 2 Pack Double Batterie - Caméra d'action étanche 8K co-conçue avec Leica, capteur 1/1,3"", Double Puce d'IA, qualité en Basse lumière, Audio avancé, écran Rabattable, édition IA, Moto",Insta360,469.99,4.5,437.0,,https://m.media-amazon.com/images/I/61v1GeFItkL._AC_UL320_.jpg,,False,Objets connectés,175,2025-06-24 11:52:17.959301
"SJCAM C300 Caméra Sport 4K30FPS 20 MP, Double Écran 2,4 G/5 G WiFi Caméra Étanche sous-Marine 30M EIS Anti-Vibration avec 2 Batterie 2800 + 1000 mAh Kit d'Accessoires",SJCAM,159.97,3.8,447.0,,https://m.media-amazon.com/images/I/61CX+NRnB7L._AC_UL320_.jpg,,False,Objets connectés,176,2025-06-24 11:52:17.960522
"MONODEAL Casque Conduction Osseuse Natation, Ecouteur Waterproof Natation Bluetooth 5.4 IP68 MP3 Etanche Natation 32GB,Ecouteurs sans Fil Sport Ecouteur Piscine, Natation,Surf, la Course Pied",MONODEAL,69.99,4.5,530.0,,https://m.media-amazon.com/images/I/71wGk0d2NiL._AC_UL320_.jpg,,False,Objets connectés,177,2025-06-24 11:52:17.961782
"Mibro GS Pro2 Montre GPS Multisport Connectée Homme Femme, Écran AMOLED 1,43"", Appels Bluetooth, Podomètre, Moniteur de Fréquence Cardiaque, SpO2, Padel, Natation, Cyclisme, Running (Gris Foncé)",Mibro,139.99,,,,https://m.media-amazon.com/images/I/71EYyrVvKoL._AC_UL320_.jpg,,False,Objets connectés,178,2025-06-24 11:52:17.964436
"Insta360 X4 Pack Standard - Caméra d'action 360° 8K étanche, vidéo Grand Angle 4K, Effet de Perche à Selfie Invisible, protège-objectifs Amovibles, 135 Min d'autonomie, édition IA, stabilisation",Insta360,475.99,4.5,915.0,,https://m.media-amazon.com/images/I/61rir1x7EyL._AC_UL320_.jpg,,False,Objets connectés,179,2025-06-24 11:52:17.966147
"Echo Dot (5e génération) | Bleu marine + Tapo L530EA ampoule connectée LED (E27), Fonctionne avec Alexa - Kit de démarrage Maison connectée",Echo,69.99,4.3,9.0,,https://m.media-amazon.com/images/I/61qa6x2q31L._AC_UL320_.jpg,,False,Objets connectés,180,2025-06-24 11:52:17.967537
"GoPro HERO12 Black Creator Edition - Comprend Volta (poignée de Batterie, trépied, télécommande), Media Mod, Light Mod, Batterie Enduro et étui de Transport",GoPro,489.0,4.6,4776.0,,https://m.media-amazon.com/images/I/71P8GazOWBL._AC_UL320_.jpg,,False,Objets connectés,181,2025-06-24 11:52:17.968914
"Insta360 Ace Pro 2 Pack plongée - Caméra d'action étanche 8K co-conçue avec Leica, capteur 1/1,3"", Double Puce d'IA, qualité en Basse lumière, Audio avancé, écran Rabattable, édition IA Vlogs, Moto",Insta360,580.0,4.5,437.0,,https://m.media-amazon.com/images/I/615xPcqIVyL._AC_UL320_.jpg,,False,Objets connectés,182,2025-06-24 11:52:17.970067
"mojawa HaptiFit Terra Wearable Smart Sport, Écouteurs Bluetooth à Conduction Osseuse avec Micro et MP3 32GB, Écouteurs sans Fil Étanches pour Entraînements, Natation et Course, Noir",mojawa,269.99,3.9,50.0,,https://m.media-amazon.com/images/I/51FcpMKDWYL._AC_UL320_.jpg,,False,Objets connectés,183,2025-06-24 11:52:17.971516
Jabra B2B Speak 410 Haut Parleur – Enceinte Portable certifiée Unified Communications avec USB – Connectivité Plug-and-Play avec Les Ordinateurs Noir,Jabra,,4.7,10752.0,,https://m.media-amazon.com/images/I/61ObsNSTJxL._AC_UL320_.jpg,,False,Objets connectés,184,2025-06-24 11:52:17.972452
"TONEMAC N8 Écouteurs sans Fil, Tour de Cou magnétique, 40 Heures d'autonomie, Basses Profondes améliorées, écouteurs IPX6 Bluetooth 5.3 pour téléphone, Musique, Sport",TONEMAC,24.99,4.2,231.0,50.0,https://m.media-amazon.com/images/I/51GCyvkshGL._AC_UL320_.jpg,,False,Objets connectés,185,2025-06-24 11:52:17.973292
"JBL Vibe Beam Écouteurs sans fil avec son JBL à basses profondes, Bluetooth 5.2, résistants à l'eau et à la poussière, appel mains libres avec VoiceAware, jusqu'à 32 heures d'autonomie, noir",JBL,62.24,4.3,16005.0,50.0,https://m.media-amazon.com/images/I/41+1Csr1pSL._AC_UL320_.jpg,,False,Objets connectés,186,2025-06-24 11:52:17.974150
"PowerLocus Casque Bluetooth Enfant, P2 Casque Audio pour Enfants avec Volume limité à 85db, Écouteurs sans Fil et Filaires, Casque Pliable et Réglable, Confortable, avec Micro intégré, Micro SD Slot",PowerLocus,26.99,4.5,7596.0,50.0,https://m.media-amazon.com/images/I/61tZd14w7WL._AC_UL320_.jpg,,False,Objets connectés,187,2025-06-24 11:52:17.975664
"Casque sans fil pour TV, Casque Supra-Auriculaire Bluetooth 5.3 avec Fonction Radio RM, Casque TV Sans Fil Léger pour Personnes âGées, 30 Heures de Lecture, port Confortable Sans délai Audio, Noir",Casque,35.99,3.8,34.0,,https://m.media-amazon.com/images/I/61S2iY+WbIL._AC_UL320_.jpg,,False,Objets connectés,188,2025-06-24 11:52:17.976622
"WOLFANG Caméra Sport GA100 4K 30FPS, Caméscope WiFi de 20 MP, Caméra Étanche sous-Marine 40 m avec Double Microphone, télécommande, EIS Anti-Vibration, Batterie 2 x 1050 mAh, Divers Accessoires",WOLFANG,59.99,4.2,5475.0,,https://m.media-amazon.com/images/I/715WBUx37eL._AC_UL320_.jpg,,False,Objets connectés,189,2025-06-24 11:52:17.977893
"Fenton FT10LED Enceinte Sono Portable LEDs Bluetooth avec Batterie Intégrée - 450 Watts, Modes Lumineux, 10 Pouces, Télécommande, Une Enceinte Transportable Idéale pour Animer Vos Soirées",Fenton,129.9,3.9,482.0,,https://m.media-amazon.com/images/I/71sadVf+KJL._AC_UL320_.jpg,,False,Objets connectés,190,2025-06-24 11:52:17.982004
AKASO EK7000 Caméra Sport 4K 30fps 20MP WiFi Caméra d'action 170° Grand Angle Télécommande 2.4G Caméra Étanche 30M 2 Batteries Bleu,AKASO,69.99,4.2,13356.0,,https://m.media-amazon.com/images/I/71TPxbunvML._AC_UL320_.jpg,,False,Objets connectés,191,2025-06-24 11:52:17.984600
"Xilecam Caméra Sport Double écran 1080P WiFi étanche, 4*Zoom Caméras Embarquées 40M avec 2 Batteries 1050 mAh et Accessoires Multifonctionnels Caméra Étanche (L300)",Xilecam,29.99,4.1,63.0,,https://m.media-amazon.com/images/I/51IapwunVBL._AC_UL320_.jpg,,False,Objets connectés,192,2025-06-24 11:52:17.985549
Ecouteurs sans fil JBL Endurance Race Bluetooth avec réduction de bruit Noir,Ecouteurs,59.88,4.3,1830.0,50.0,https://m.media-amazon.com/images/I/41EjuafLdvL._AC_UL320_.jpg,,False,Objets connectés,193,2025-06-24 11:52:22.090361
Polar - M430 - Montre Running GPS avec suivi de la Fréquence Cardiaque - Noir - Taille M-L,Polar,145.3,4.2,7654.0,,https://m.media-amazon.com/images/I/61TaNYzsVpL._AC_UL320_.jpg,,False,Objets connectés,194,2025-06-24 11:52:22.091603
"PowerLocus Casque Bluetooth sans Fil, Casque Audio stéréo Pliable sans Fil et Filaire avec Micro intégré, Micro SD/TF, FM pour iPhone/Wiko/Samsung/iPad/PC (Noir/Rouge)",PowerLocus,29.99,4.4,56454.0,50.0,https://m.media-amazon.com/images/I/61AoRws1JBL._AC_UL320_.jpg,,False,Objets connectés,195,2025-06-24 11:52:22.093239
"IKT Ecouteurs Bluetooth sans Fil, Casque Bluetooth 5.3, 50 Heures Contrôle Tactile, 4 ENC Appel Réduction Antibruit Mic, Basses Profondes, Ajustement Confortable, IPX7 Étanche Casque(Bleu Clair) X08",IKT,23.98,4.5,16230.0,50.0,https://m.media-amazon.com/images/I/612p8fuujlL._AC_UL320_.jpg,,False,Objets connectés,196,2025-06-24 11:52:22.095288
"Soundcore by Anker A20i Ecouteurs Bluetooth sans Fil, Ecouteurs sans Fil, Bluetooth 5.3, EQ Ajustable, 28H de Lecture, étanchéité, 2 Microphones avec IA, Mode écouteur Unique, Design Portable(Noir)",Soundcore,21.79,4.4,8024.0,50.0,https://m.media-amazon.com/images/I/61VRAsF4ogL._AC_UL320_.jpg,,False,Objets connectés,197,2025-06-24 11:52:22.097186
Terraillon Tensiomètre Bras Connecté Tension Artérielle et Rythme Cardiaque 2 Utilisateurs 60 Mémoires Bluetooth TensioSmart Blanc,Terraillon,75.84,4.0,83.0,,https://m.media-amazon.com/images/I/71IDsc0nY6L._AC_UL320_.jpg,,False,Objets connectés,198,2025-06-24 11:52:22.098372
"SUUNTO Race Montre de Sport Homme Femme, Tracker d'Activités GPS Running, Bi-Band GNSS, Carte Hors Ligne, Écran Tactile AMOLED, Smartwatch Cardiofréquencemètre Podomètre Altimètre, Autonomie 26 Jours",SUUNTO,369.0,4.4,400.0,,https://m.media-amazon.com/images/I/61HYwT2l-ZL._AC_UL320_.jpg,,False,Objets connectés,199,2025-06-24 11:52:22.099766
"Lankey Sound Casque Bluetooth sans Fil avec Réduction de Bruit Hybride Active - 100 Heures de Lecture - Casque sans Fil, Bluetooth 5.3, Hi-FI Audio, Léger & Pliable, Voyage/Travail/Domicile, Noir",Lankey,36.99,4.4,612.0,50.0,https://m.media-amazon.com/images/I/717FJfUTmnL._AC_UL320_.jpg,,False,Objets connectés,200,2025-06-24 11:52:22.101245
"Pudet Luo Lunette Camera, WiFi 4K & Grand Angle 120° Action Cam, Objectifs Polarisés & Batterie 100 Minutes & Mode DV Lunettes Camera pour Le Sport et L'Aventure",Pudet,119.98,4.4,25.0,,https://m.media-amazon.com/images/I/61I+PNSyN5L._AC_UL320_.jpg,,False,Objets connectés,201,2025-06-24 11:52:22.102164
"yobola Ecouteurs Bluetooth sans Fil, Ecouteur Bluetooth 5.1 Hi-FI Son Stéréo, Contrôle Tactile, Microphones Intégrés, 25 Heures Durée de Lecture, USB-C Charge Rapide, pour iOS et Android Telephone",yobola,25.99,4.1,183.0,50.0,https://m.media-amazon.com/images/I/61eM9AnHrtL._AC_UL320_.jpg,,False,Objets connectés,202,2025-06-24 11:52:22.103738
"SHOKZ OpenComm2 UC 2025 Upgrade Conduction osseuse avec Adaptateur USB-A, écouteurs Bluetooth Oreilles Libres avec Micro Anti-Bruit, écouteurs sans Fil, 16 Heures d'autonomie, Signet de, Noir",SHOKZ,239.95,4.4,2589.0,,https://m.media-amazon.com/images/I/51zFaeEOEuL._AC_UL320_.jpg,,False,Objets connectés,203,2025-06-24 11:52:22.104959
Casque Bluetooth sans Fil Enfant，riyo Casque Audio Enfant avec Lumières LED Bluetooth 5.0 Stéréo Ecouteurs Enfants Limite de Volume 94dB Réglable Pliable pour École/Voyage/PC/Tablet/Kindle,Casque,15.99,4.5,280.0,50.0,https://m.media-amazon.com/images/I/71Cc+AICnOL._AC_UL320_.jpg,,False,Objets connectés,204,2025-06-24 11:52:22.106367
"LC-dolida Écouteurs Bluetooth V5.4 Bandeau de Sommeil, Casque Audio Sans Fil, 15 Heures de Lecture, Léger Avec Stéréo HiFi",LC-dolida,24.99,4.3,758.0,50.0,https://m.media-amazon.com/images/I/81TRV+cc2LL._AC_UL320_.jpg,,False,Objets connectés,205,2025-06-24 11:52:22.107758
Weenect Chien XS - Traceur GPS pour Chien | Mini Traceur GPS pour Chien en Temps réel | Etanche | Plus Petit modèle du marché | Fonctionne avec abonnement | Garantie à Vie,Weenect,,4.2,336.0,,https://m.media-amazon.com/images/I/71kQOCWXamL._AC_UL320_.jpg,,False,Objets connectés,206,2025-06-24 11:52:22.108943
Polar Pacer White S-L,Polar,149.99,4.3,149.0,,https://m.media-amazon.com/images/I/71x-PXjMmbL._AC_UL320_.jpg,,False,Objets connectés,207,2025-06-24 11:52:22.110394
"Insta360 X4 Pack Moto - Caméra d'action 360° 8K étanche, vidéo Grand Angle 4K, Perche à Selfie Invisible, protège-objectifs Amovibles, 135 Min d'autonomie, édition IA, stabilisation",Insta360,618.0,4.5,915.0,,https://m.media-amazon.com/images/I/61M2HazwiSL._AC_UL320_.jpg,,False,Objets connectés,208,2025-06-24 11:52:22.111587
"PowerLocus Casque Bluetooth sans Fil, Pliable Casque Audio Stéréo, Oreillette Bluetooth avec Micro Intégré/Micro SD/FM Radio pour Téléphones/PC/Tablettes/TV (Noir/Marron)",PowerLocus,23.99,4.4,40654.0,50.0,https://m.media-amazon.com/images/I/51upad6fdfL._AC_UL320_.jpg,,False,Objets connectés,209,2025-06-24 11:52:22.114542
"Polar Vantage V3 - Montre GPS avec Cardiofréquencemètre - Autonomie Prolongée, Cartes Hors Ligne, Running et Triathlon",Polar,449.0,3.9,280.0,,https://m.media-amazon.com/images/I/71HA3AbB6FL._AC_UL320_.jpg,,False,Objets connectés,210,2025-06-24 11:52:22.116954
"Bandeau Bluetooth Écouteurs Casque de Sommeil sans Fil,Cadeaux pour Homme Femme,Les Mains Libres, Casque Dormir Doux avec Ultra-Fins HD Stéréo pour l'entraînement,Voyage,méditation,Yoga et détente",Bandeau,16.28,4.1,12870.0,50.0,https://m.media-amazon.com/images/I/912AzWE+EbL._AC_UL320_.jpg,,False,Objets connectés,211,2025-06-24 11:52:22.119550
Pioneer Car Multimedia SPH-DA230DAB Auto Radio Noir,Pioneer,339.99,4.2,997.0,,https://m.media-amazon.com/images/I/61TtrOprb4L._AC_UL320_.jpg,,False,Objets connectés,212,2025-06-24 11:52:22.120742
"PowerLocus Casque Bluetooth sans Fil, Pliable Casque Audio Stéréo, Oreillette Bluetooth avec Micro Intégré/Micro SD/FM Radio pour Téléphones/PC/Tablettes/TV (Or Rose PL Collection)",PowerLocus,23.99,4.4,40654.0,50.0,https://m.media-amazon.com/images/I/51jzRtIxF4L._AC_UL320_.jpg,,False,Objets connectés,213,2025-06-24 11:52:22.122324
Sennheiser RS 2000 Ecouteur sans fil pour TV Noir,Sennheiser,156.19,4.2,2202.0,,https://m.media-amazon.com/images/I/51qFa0BM89L._AC_UL320_.jpg,,False,Objets connectés,214,2025-06-24 11:52:22.123277
"bayehngs Mini caméra d'action avec pouce, petite caméra portable, caméra de vlogging portable, caméscope POV mains libres pour casque pour vélo, moto (ensemble simple avec carte 64 Go)",bayehngs,69.64,5.0,4.0,,https://m.media-amazon.com/images/I/61lsQBfVCnL._AC_UL320_.jpg,,False,Objets connectés,215,2025-06-24 11:52:22.124218
"Générique Caméra Gosnap, Mini Caméra d'action with 360° Rotation Spring Clip, Appareil De Vlogging 1080p, Came Portable Personnelle Et Portable pour Le Vélo, Animal De Compagnie, Underwater",Générique,58.89,3.5,2.0,,https://m.media-amazon.com/images/I/61C70UxM5vL._AC_UL320_.jpg,,False,Objets connectés,216,2025-06-24 11:52:22.125093
"DOQAUS Casque Bluetooth sans Fil, Casque 90 Heure de Lecture, Casque Bluetooth 3 EQ Modes, Casque Audio avec Microphone Intégré, Casque sans Fil pour Cours en Ligne/téléphone/tablettes/pc",DOQAUS,37.99,4.4,6029.0,,https://m.media-amazon.com/images/I/61Tyn0vlpEL._AC_UL320_.jpg,,False,Objets connectés,217,2025-06-24 11:52:26.334435
"Ecouteurs Bluetooth sans Fil, AOVOCE Casque Bluetooth 5.3 avec 4 ENC Réduction Bruit Mic Écran LED HiFI Son Stéréo 42H Durée Lecture IP6 Étanche Sport Oreillette Contrôle Tactile pour iOS Android Rose",Ecouteurs,21.99,4.4,4727.0,50.0,https://m.media-amazon.com/images/I/71L9VtLNKGL._AC_UL320_.jpg,,False,Objets connectés,218,2025-06-24 11:52:26.336414
"soundcore AeroFit 2 by Anker, écouteurs oreilles libres, 4 positions réglables, basses 2x plus riches, Hi-Res, autonomie 42h, IP55, appels clairs avec IA, chargement sans fil, traduction en temps réel",soundcore,105.99,4.6,60.0,,https://m.media-amazon.com/images/I/51ReOd2lnIL._AC_UL320_.jpg,,False,Objets connectés,219,2025-06-24 11:52:26.339541
"PowerLocus Casque Bluetooth sans Fil, Casque Audio avec Microphone, 60 Heures, 3 EQ Modes, Casque Pliable, Son stéréo HiFi, Bandeau en Tissu, Casque sans Fil pour Voyage/Téléphone/Tablettes/PC",PowerLocus,26.99,4.5,2309.0,50.0,https://m.media-amazon.com/images/I/71IHRWotkFL._AC_UL320_.jpg,,False,Objets connectés,220,2025-06-24 11:52:26.341385
"Insta360 X4 Pack Luxe - Caméra d'action 360° 8K étanche, vidéo Grand Angle 4K, Effet de Perche à Selfie Invisible, 135 Min d'autonomie, édition IA, stabilisation, Carte microSD Non Incluse",Insta360,513.0,4.5,915.0,,https://m.media-amazon.com/images/I/61a1D8r7kOL._AC_UL320_.jpg,,False,Objets connectés,221,2025-06-24 11:52:26.342333
"Echo Dot (5e génération) | Anthracite + Tapo L530EA ampoule connectée LED (E27), Fonctionne avec Alexa - Kit de démarrage Maison connectée",Echo,69.99,4.6,153149.0,,https://m.media-amazon.com/images/I/61gpFlrK+RL._AC_UL320_.jpg,,False,Objets connectés,222,2025-06-24 11:52:26.343591
Apexcam 4K 20MP WiFi Caméra Sport sous-Marine 40M Étanche Caméra de Sport Ultra HD 170 ° Grand Angle 2.4G Télécommande 2 Batteries Rechargeables 1050mAh 2.0 '' Ecran LCD et Kit d'accessoires,Apexcam,42.99,4.2,13029.0,,https://m.media-amazon.com/images/I/719LSlFk51L._AC_UL320_.jpg,,False,Objets connectés,223,2025-06-24 11:52:26.344692
"Bandeau Bluetooth Cadeau Homme Femme: Cadeau Homme Original Bandeau Écouteur de Musique Masque de Nuit, Idee Cadeau Femme Bandeau Bluetooth Dormir Masque Yeux, Cadeau Noel Bandeau Masque de Sommeil",Bandeau,16.14,3.9,18117.0,,https://m.media-amazon.com/images/I/81UWzQKLHTL._AC_UL320_.jpg,,False,Objets connectés,224,2025-06-24 11:52:26.346837
"Technics EAH-AZ80E-S Écouteurs Sans Fil avec Réduction du Bruit, Bluetooth Multipoint 3 Appareils, Intra-Auriculaires Confortables, Chargement Sans Fil, Argent",Technics,209.33,4.3,705.0,,https://m.media-amazon.com/images/I/71xffJfvWVL._AC_UL320_.jpg,,False,Objets connectés,225,2025-06-24 11:52:26.349136
TOZO T6 Écouteurs Bluetooth sans Fil Ecouteurs Bluetooth 5.3 avec Contrôle Tactile ORIGX 2.0 Acustique EQ Ajustement 50H Lecture Soutient Chargement sans Fil et USB Type C IPX8 Noir,TOZO,28.49,4.2,259934.0,50.0,https://m.media-amazon.com/images/I/81MFfvWGAjL._AC_UL320_.jpg,,False,Objets connectés,226,2025-06-24 11:52:26.352160
Xilecam Caméra Sport à Double écran avec Carte Mémoire de 32 Go Action Cam Camera Moto avec Accessoires Camera sous Marine Caméras Embarquées,Xilecam,39.99,5.0,17.0,,https://m.media-amazon.com/images/I/71D40C6FEDL._AC_UL320_.jpg,,False,Objets connectés,227,2025-06-24 11:52:26.353035
"Avantree Duet - Set Doubles Casques sans Fil pour Télévision avec émetteur Support de Charge 2 en 1, Mode Dialogue Clair et Amplification Volume TV pour Séniors, Jusqu'à 100 Casques Simultanés",Avantree,219.99,4.3,1664.0,,https://m.media-amazon.com/images/I/51WDdPEUm3L._AC_UL320_.jpg,,False,Objets connectés,228,2025-06-24 11:52:26.353961
"Casque osseux Bluetooth avec Micro, Bluetooth 5.1 casque ouvert avec connexion multipoint Suppression du bruit, casque sans fil avec bouton muet, pour Le Travail, la Conduite, Le Bureau à Domicile",Casque,69.99,4.4,335.0,,https://m.media-amazon.com/images/I/519Ku5dwRnL._AC_UL320_.jpg,,False,Objets connectés,229,2025-06-24 11:52:26.355107
"PowerLocus Casque Bluetooth Pliable sans Fil pour Enfant avec Lumières LED, HD Stéréo, USB-C Recharge Rapide, Micro intégré, SD Mode et Filaire pour iPhone/Tablettes/TV",PowerLocus,29.99,4.5,1497.0,,https://m.media-amazon.com/images/I/61-We-iTMuL._AC_UL320_.jpg,,False,Objets connectés,230,2025-06-24 11:52:26.357463
Marshall Woburn II Haut-parleur Bluetooth - Noir,Marshall,419.91,4.6,929.0,,https://m.media-amazon.com/images/I/91wpaz034TL._AC_UL320_.jpg,,False,Objets connectés,231,2025-06-24 11:52:26.358738
"DJI Osmo Action 4 avec Base Magnétique – Caméra d'action Étanche 4K/120fps avec un Capteur de 1/1,3"", Superbes Enregistrements en Basse Lumière, Performance Couleur 10 bits et D-Log M (Combo Standard)",DJI,280.99,5.0,6.0,,https://m.media-amazon.com/images/I/410qqa8ZNML._AC_UL320_.jpg,,False,Objets connectés,232,2025-06-24 11:52:26.359926
"i3 Caméra d'action 4K avec pouce, petite taille, à monter n'importe où, petite caméra corporelle avec clip à ressort, vlogging portable, enregistrement POV mains libres, caméra pour casque de vélo,",i3,81.98,4.4,299.0,,https://m.media-amazon.com/images/I/61yZsXqWoLL._AC_UL320_.jpg,,False,Objets connectés,233,2025-06-24 11:52:26.360952
"Samsung Galaxy Buds3, Écouteurs sans Fil, Réduction Active de Bruit, Bluetooth, Blanc, Audio 360, Galaxy AI, Chargeur Secteur Inclus, (Version FR) [Exclusivité Amazon]",Samsung,129.95,4.1,32.0,,https://m.media-amazon.com/images/I/41wsTLOVUZL._AC_UL320_.jpg,,False,Objets connectés,234,2025-06-24 11:52:26.363390
"DJI Osmo Action 4 Pro Combo avec 58 Accessoires, Caméra Étanche avec Capteur 1/1,3"", 4K/120 fps, Suivi du Motif, Stabilisation, Double Écran Tactile, Caméra d'action 4K Idéale pour Le Sport (3 Piles)",DJI,389.99,3.7,11.0,,https://m.media-amazon.com/images/I/71R+YZI4vyL._AC_UL320_.jpg,,False,Objets connectés,235,2025-06-24 11:52:26.365121
"Meross Multiprise Connectée (FR), 16A Prise WiFi Compatible avec Alexa et Google Home, Multiprise Programmable (4 Prises AC et 4 Ports USB) avec Fonction du Temps et Contrôle à Distance",Meross,39.99,4.5,1128.0,,https://m.media-amazon.com/images/I/616yUcNa9UL._AC_UL320_.jpg,,False,Objets connectés,236,2025-06-24 11:52:26.366148
"Philips Hue Low Voltage, Extension Cable 5m",Philips,19.0,4.7,1072.0,50.0,https://m.media-amazon.com/images/I/71VStMpTpDS._AC_UL320_.jpg,,False,Objets connectés,237,2025-06-24 11:52:26.367233
"Logitech Z313 Système de Haut-Parleurs 2.1 avec Subwoofer, Son Riche, 50W en Puissance, Basses Puissantes, Entrée Audio 3,5 mm, Prise UK, PC/PS4/Xbox/TV/Smartphone/Tablette/Lecteur - Blanc",Logitech,44.99,4.2,1375.0,,https://m.media-amazon.com/images/I/718WE9tec-L._AC_UL320_.jpg,,False,Objets connectés,238,2025-06-24 11:52:26.368326
"Ecouteurs Bluetooth, Ecouteurs sans Fil avec Micro CVC8.0, 20 Heures D'autonomie, Protection Waterproof Ipx7, Bluetooth 5.0 - Earbuds, Ecouteur Bluetooth Sport pour Iphone/Android",Ecouteurs,26.99,3.8,1951.0,50.0,https://m.media-amazon.com/images/I/51+8V32ASQL._AC_UL320_.jpg,,False,Objets connectés,239,2025-06-24 11:52:26.369364
Sony MDRE9LPL Ecouteurs - Bleu,Sony,5.99,4.2,5907.0,50.0,https://m.media-amazon.com/images/I/41CBuTH2cXL._AC_UL320_.jpg,,False,Objets connectés,240,2025-06-24 11:52:26.370656
